{
    "name": "dmcas_lift",
    "revision": 0,
    "order": 0,
    "parameterMap": {
        "_NObs_": {
            "parameter": "_NObs_",
            "type": "num",
            "label": "Sum of Frequencies",
            "length": 8,
            "order": 9,
            "values": [
                "_NObs_"
            ],
            "preformatted": false
        },
        "_Depth_": {
            "parameter": "_Depth_",
            "type": "num",
            "label": "Depth",
            "length": 8,
            "order": 7,
            "values": [
                "_Depth_"
            ],
            "preformatted": false
        },
        "_CumRespBest_": {
            "parameter": "_CumRespBest_",
            "type": "num",
            "label": "Best Cumulative Captured Response Percentage",
            "length": 8,
            "order": 17,
            "values": [
                "_CumRespBest_"
            ],
            "preformatted": false
        },
        "_formattedPartition_": {
            "parameter": "_formattedPartition_",
            "type": "char",
            "label": "Formatted Partition",
            "length": 12,
            "order": 4,
            "values": [
                "_formattedPartition_"
            ],
            "preformatted": false
        },
        "_Column_": {
            "parameter": "_Column_",
            "type": "char",
            "label": "Analysis Variable",
            "length": 8,
            "order": 5,
            "values": [
                "_Column_"
            ],
            "preformatted": false
        },
        "_RespBest_": {
            "parameter": "_RespBest_",
            "type": "num",
            "label": "Best Captured Response Percentage",
            "length": 8,
            "order": 13,
            "values": [
                "_RespBest_"
            ],
            "preformatted": false
        },
        "_DataRole_": {
            "parameter": "_DataRole_",
            "type": "char",
            "label": "Data Role",
            "length": 10,
            "order": 2,
            "values": [
                "_DataRole_"
            ],
            "preformatted": false
        },
        "_CumResp_": {
            "parameter": "_CumResp_",
            "type": "num",
            "label": "Cumulative Captured Response Percentage",
            "length": 8,
            "order": 16,
            "values": [
                "_CumResp_"
            ],
            "preformatted": false
        },
        "_PctRespBest_": {
            "parameter": "_PctRespBest_",
            "type": "num",
            "label": "Best Response Percentage",
            "length": 8,
            "order": 21,
            "values": [
                "_PctRespBest_"
            ],
            "preformatted": false
        },
        "_Gain_": {
            "parameter": "_Gain_",
            "type": "num",
            "label": "Gain",
            "length": 8,
            "order": 24,
            "values": [
                "_Gain_"
            ],
            "preformatted": false
        },
        "_CumLift_": {
            "parameter": "_CumLift_",
            "type": "num",
            "label": "Cumulative Lift",
            "length": 8,
            "order": 18,
            "values": [
                "_CumLift_"
            ],
            "preformatted": false
        },
        "_Event_": {
            "parameter": "_Event_",
            "type": "char",
            "label": "Event",
            "length": 12,
            "order": 6,
            "values": [
                "_Event_"
            ],
            "preformatted": false
        },
        "_TargetName_": {
            "parameter": "_TargetName_",
            "type": "char",
            "label": "Target Name",
            "length": 6,
            "order": 1,
            "values": [
                "_TargetName_"
            ],
            "preformatted": false
        },
        "_PctResp_": {
            "parameter": "_PctResp_",
            "type": "num",
            "label": "Response Percentage",
            "length": 8,
            "order": 20,
            "values": [
                "_PctResp_"
            ],
            "preformatted": false
        },
        "_GainBest_": {
            "parameter": "_GainBest_",
            "type": "num",
            "label": "Best Gain",
            "length": 8,
            "order": 25,
            "values": [
                "_GainBest_"
            ],
            "preformatted": false
        },
        "_CumLiftBest_": {
            "parameter": "_CumLiftBest_",
            "type": "num",
            "label": "Best Cumulative Lift",
            "length": 8,
            "order": 19,
            "values": [
                "_CumLiftBest_"
            ],
            "preformatted": false
        },
        "_Lift_": {
            "parameter": "_Lift_",
            "type": "num",
            "label": "Lift",
            "length": 8,
            "order": 14,
            "values": [
                "_Lift_"
            ],
            "preformatted": false
        },
        "_CumPctResp_": {
            "parameter": "_CumPctResp_",
            "type": "num",
            "label": "Cumulative Response Percentage",
            "length": 8,
            "order": 22,
            "values": [
                "_CumPctResp_"
            ],
            "preformatted": false
        },
        "_NEventsBest_": {
            "parameter": "_NEventsBest_",
            "type": "num",
            "label": "Best Number of Events",
            "length": 8,
            "order": 11,
            "values": [
                "_NEventsBest_"
            ],
            "preformatted": false
        },
        "_CumPctRespBest_": {
            "parameter": "_CumPctRespBest_",
            "type": "num",
            "label": "Best Cumulative Response Percentage",
            "length": 8,
            "order": 23,
            "values": [
                "_CumPctRespBest_"
            ],
            "preformatted": false
        },
        "_Value_": {
            "parameter": "_Value_",
            "type": "num",
            "label": "Value",
            "length": 8,
            "order": 8,
            "values": [
                "_Value_"
            ],
            "preformatted": false
        },
        "_NEvents_": {
            "parameter": "_NEvents_",
            "type": "num",
            "label": "Number of Events",
            "length": 8,
            "order": 10,
            "values": [
                "_NEvents_"
            ],
            "preformatted": false
        },
        "_LiftBest_": {
            "parameter": "_LiftBest_",
            "type": "num",
            "label": "Best Lift",
            "length": 8,
            "order": 15,
            "values": [
                "_LiftBest_"
            ],
            "preformatted": false
        },
        "_PartInd_": {
            "parameter": "_PartInd_",
            "type": "num",
            "label": "Partition Indicator",
            "length": 8,
            "order": 3,
            "values": [
                "_PartInd_"
            ],
            "preformatted": false
        },
        "_Resp_": {
            "parameter": "_Resp_",
            "type": "num",
            "label": "Captured Response Percentage",
            "length": 8,
            "order": 12,
            "values": [
                "_Resp_"
            ],
            "preformatted": false
        }
    },
    "data": [
        {
            "dataMap": {
                "_NObs_": "0",
                "_Depth_": "0",
                "_CumRespBest_": "0",
                "_formattedPartition_": "           0",
                "_Column_": "predict",
                "_RespBest_": "0",
                "_DataRole_": "VALIDATE",
                "_CumResp_": "0",
                "_Event_": null,
                "_TargetName_": null,
                "_NEventsBest_": "0",
                "_Value_": "0",
                "_NEvents_": "0",
                "_PartInd_": "0",
                "_Resp_": "0"
            },
            "rowNumber": 1
        },
        {
            "dataMap": {
                "_NObs_": null,
                "_Depth_": null,
                "_CumRespBest_": null,
                "_formattedPartition_": "           0",
                "_column_": "predict",
                "_RespBest_": null,
                "_DataRole_": "VALIDATE",
                "_CumResp_": null,
                "_PctRespBest_": null,
                "_Gain_": null,
                "_CumLift_": null,
                "_Event_": null,
                "_TargetName_": null,
                "_PctResp_": null,
                "_GainBest_": null,
                "_CumLiftBest_": null,
                "_Lift_": null,
                "_CumPctResp_": null,
                "_NEventsBest_": null,
                "_CumPctRespBest_": null,
                "_Value_": null,
                "_NEvents_": null,
                "_LiftBest_": null,
                "_PartInd_": "0",
                "_Resp_": null
            },
            "rowNumber": 2
        },
        {
            "dataMap": {
                "_NObs_": null,
                "_Depth_": null,
                "_CumRespBest_": null,
                "_formattedPartition_": "           0",
                "_column_": "predict",
                "_RespBest_": null,
                "_DataRole_": "VALIDATE",
                "_CumResp_": null,
                "_PctRespBest_": null,
                "_Gain_": null,
                "_CumLift_": null,
                "_Event_": null,
                "_TargetName_": null,
                "_PctResp_": null,
                "_GainBest_": null,
                "_CumLiftBest_": null,
                "_Lift_": null,
                "_CumPctResp_": null,
                "_NEventsBest_": null,
                "_CumPctRespBest_": null,
                "_Value_": null,
                "_NEvents_": null,
                "_LiftBest_": null,
                "_PartInd_": "0",
                "_Resp_": null
            },
            "rowNumber": 3
        },
        {
            "dataMap": {
                "_NObs_": null,
                "_Depth_": null,
                "_CumRespBest_": null,
                "_formattedPartition_": "           0",
                "_column_": "predict",
                "_RespBest_": null,
                "_DataRole_": "VALIDATE",
                "_CumResp_": null,
                "_PctRespBest_": null,
                "_Gain_": null,
                "_CumLift_": null,
                "_Event_": null,
                "_TargetName_": null,
                "_PctResp_": null,
                "_GainBest_": null,
                "_CumLiftBest_": null,
                "_Lift_": null,
                "_CumPctResp_": null,
                "_NEventsBest_": null,
                "_CumPctRespBest_": null,
                "_Value_": null,
                "_NEvents_": null,
                "_LiftBest_": null,
                "_PartInd_": "0",
                "_Resp_": null
            },
            "rowNumber": 4
        },
        {
            "dataMap": {
                "_NObs_": null,
                "_Depth_": null,
                "_CumRespBest_": null,
                "_formattedPartition_": "           0",
                "_column_": "predict",
                "_RespBest_": null,
                "_DataRole_": "VALIDATE",
                "_CumResp_": null,
                "_PctRespBest_": null,
                "_Gain_": null,
                "_CumLift_": null,
                "_Event_": null,
                "_TargetName_": null,
                "_PctResp_": null,
                "_GainBest_": null,
                "_CumLiftBest_": null,
                "_Lift_": null,
                "_CumPctResp_": null,
                "_NEventsBest_": null,
                "_CumPctRespBest_": null,
                "_Value_": null,
                "_NEvents_": null,
                "_LiftBest_": null,
                "_PartInd_": "0",
                "_Resp_": null
            },
            "rowNumber": 5
        },
        {
            "dataMap": {
                "_NObs_": null,
                "_Depth_": null,
                "_CumRespBest_": null,
                "_formattedPartition_": "           0",
                "_column_": "predict",
                "_RespBest_": null,
                "_DataRole_": "VALIDATE",
                "_CumResp_": null,
                "_PctRespBest_": null,
                "_Gain_": null,
                "_CumLift_": null,
                "_Event_": null,
                "_TargetName_": null,
                "_PctResp_": null,
                "_GainBest_": null,
                "_CumLiftBest_": null,
                "_Lift_": null,
                "_CumPctResp_": null,
                "_NEventsBest_": null,
                "_CumPctRespBest_": null,
                "_Value_": null,
                "_NEvents_": null,
                "_LiftBest_": null,
                "_PartInd_": "0",
                "_Resp_": null
            },
            "rowNumber": 6
        },
        {
            "dataMap": {
                "_NObs_": null,
                "_Depth_": null,
                "_CumRespBest_": null,
                "_formattedPartition_": "           0",
                "_column_": "predict",
                "_RespBest_": null,
                "_DataRole_": "VALIDATE",
                "_CumResp_": null,
                "_PctRespBest_": null,
                "_Gain_": null,
                "_CumLift_": null,
                "_Event_": null,
                "_TargetName_": null,
                "_PctResp_": null,
                "_GainBest_": null,
                "_CumLiftBest_": null,
                "_Lift_": null,
                "_CumPctResp_": null,
                "_NEventsBest_": null,
                "_CumPctRespBest_": null,
                "_Value_": null,
                "_NEvents_": null,
                "_LiftBest_": null,
                "_PartInd_": "0",
                "_Resp_": null
            },
            "rowNumber": 7
        },
        {
            "dataMap": {
                "_NObs_": null,
                "_Depth_": null,
                "_CumRespBest_": null,
                "_formattedPartition_": "           0",
                "_column_": "predict",
                "_RespBest_": null,
                "_DataRole_": "VALIDATE",
                "_CumResp_": null,
                "_PctRespBest_": null,
                "_Gain_": null,
                "_CumLift_": null,
                "_Event_": null,
                "_TargetName_": null,
                "_PctResp_": null,
                "_GainBest_": null,
                "_CumLiftBest_": null,
                "_Lift_": null,
                "_CumPctResp_": null,
                "_NEventsBest_": null,
                "_CumPctRespBest_": null,
                "_Value_": null,
                "_NEvents_": null,
                "_LiftBest_": null,
                "_PartInd_": "0",
                "_Resp_": null
            },
            "rowNumber": 8
        },
        {
            "dataMap": {
                "_NObs_": null,
                "_Depth_": null,
                "_CumRespBest_": null,
                "_formattedPartition_": "           0",
                "_column_": "predict",
                "_RespBest_": null,
                "_DataRole_": "VALIDATE",
                "_CumResp_": null,
                "_PctRespBest_": null,
                "_Gain_": null,
                "_CumLift_": null,
                "_Event_": null,
                "_TargetName_": null,
                "_PctResp_": null,
                "_GainBest_": null,
                "_CumLiftBest_": null,
                "_Lift_": null,
                "_CumPctResp_": null,
                "_NEventsBest_": null,
                "_CumPctRespBest_": null,
                "_Value_": null,
                "_NEvents_": null,
                "_LiftBest_": null,
                "_PartInd_": "0",
                "_Resp_": null
            },
            "rowNumber": 9
        },
        {
            "dataMap": {
                "_NObs_": null,
                "_Depth_": null,
                "_CumRespBest_": null,
                "_formattedPartition_": "           0",
                "_column_": "predict",
                "_RespBest_": null,
                "_DataRole_": "VALIDATE",
                "_CumResp_": null,
                "_PctRespBest_": null,
                "_Gain_": null,
                "_CumLift_": null,
                "_Event_": null,
                "_TargetName_": null,
                "_PctResp_": null,
                "_GainBest_": null,
                "_CumLiftBest_": null,
                "_Lift_": null,
                "_CumPctResp_": null,
                "_NEventsBest_": null,
                "_CumPctRespBest_": null,
                "_Value_": null,
                "_NEvents_": null,
                "_LiftBest_": null,
                "_PartInd_": "0",
                "_Resp_": null
            },
            "rowNumber": 10
        },
        {
            "dataMap": {
                "_NObs_": null,
                "_Depth_": null,
                "_CumRespBest_": null,
                "_formattedPartition_": "           0",
                "_column_": "predict",
                "_RespBest_": null,
                "_DataRole_": "VALIDATE",
                "_CumResp_": null,
                "_PctRespBest_": null,
                "_Gain_": null,
                "_CumLift_": null,
                "_Event_": null,
                "_TargetName_": null,
                "_PctResp_": null,
                "_GainBest_": null,
                "_CumLiftBest_": null,
                "_Lift_": null,
                "_CumPctResp_": null,
                "_NEventsBest_": null,
                "_CumPctRespBest_": null,
                "_Value_": null,
                "_NEvents_": null,
                "_LiftBest_": null,
                "_PartInd_": "0",
                "_Resp_": null
            },
            "rowNumber": 11
        },
        {
            "dataMap": {
                "_NObs_": null,
                "_Depth_": null,
                "_CumRespBest_": null,
                "_formattedPartition_": "           0",
                "_column_": "predict",
                "_RespBest_": null,
                "_DataRole_": "VALIDATE",
                "_CumResp_": null,
                "_PctRespBest_": null,
                "_Gain_": null,
                "_CumLift_": null,
                "_Event_": null,
                "_TargetName_": null,
                "_PctResp_": null,
                "_GainBest_": null,
                "_CumLiftBest_": null,
                "_Lift_": null,
                "_CumPctResp_": null,
                "_NEventsBest_": null,
                "_CumPctRespBest_": null,
                "_Value_": null,
                "_NEvents_": null,
                "_LiftBest_": null,
                "_PartInd_": "0",
                "_Resp_": null
            },
            "rowNumber": 12
        },
        {
            "dataMap": {
                "_NObs_": null,
                "_Depth_": null,
                "_CumRespBest_": null,
                "_formattedPartition_": "           0",
                "_column_": "predict",
                "_RespBest_": null,
                "_DataRole_": "VALIDATE",
                "_CumResp_": null,
                "_PctRespBest_": null,
                "_Gain_": null,
                "_CumLift_": null,
                "_Event_": null,
                "_TargetName_": null,
                "_PctResp_": null,
                "_GainBest_": null,
                "_CumLiftBest_": null,
                "_Lift_": null,
                "_CumPctResp_": null,
                "_NEventsBest_": null,
                "_CumPctRespBest_": null,
                "_Value_": null,
                "_NEvents_": null,
                "_LiftBest_": null,
                "_PartInd_": "0",
                "_Resp_": null
            },
            "rowNumber": 13
        },
        {
            "dataMap": {
                "_NObs_": null,
                "_Depth_": null,
                "_CumRespBest_": null,
                "_formattedPartition_": "           0",
                "_column_": "predict",
                "_RespBest_": null,
                "_DataRole_": "VALIDATE",
                "_CumResp_": null,
                "_PctRespBest_": null,
                "_Gain_": null,
                "_CumLift_": null,
                "_Event_": null,
                "_TargetName_": null,
                "_PctResp_": null,
                "_GainBest_": null,
                "_CumLiftBest_": null,
                "_Lift_": null,
                "_CumPctResp_": null,
                "_NEventsBest_": null,
                "_CumPctRespBest_": null,
                "_Value_": null,
                "_NEvents_": null,
                "_LiftBest_": null,
                "_PartInd_": "0",
                "_Resp_": null
            },
            "rowNumber": 14
        },
        {
            "dataMap": {
                "_NObs_": null,
                "_Depth_": null,
                "_CumRespBest_": null,
                "_formattedPartition_": "           0",
                "_column_": "predict",
                "_RespBest_": null,
                "_DataRole_": "VALIDATE",
                "_CumResp_": null,
                "_PctRespBest_": null,
                "_Gain_": null,
                "_CumLift_": null,
                "_Event_": null,
                "_TargetName_": null,
                "_PctResp_": null,
                "_GainBest_": null,
                "_CumLiftBest_": null,
                "_Lift_": null,
                "_CumPctResp_": null,
                "_NEventsBest_": null,
                "_CumPctRespBest_": null,
                "_Value_": null,
                "_NEvents_": null,
                "_LiftBest_": null,
                "_PartInd_": "0",
                "_Resp_": null
            },
            "rowNumber": 15
        },
        {
            "dataMap": {
                "_NObs_": null,
                "_Depth_": null,
                "_CumRespBest_": null,
                "_formattedPartition_": "           0",
                "_column_": "predict",
                "_RespBest_": null,
                "_DataRole_": "VALIDATE",
                "_CumResp_": null,
                "_PctRespBest_": null,
                "_Gain_": null,
                "_CumLift_": null,
                "_Event_": null,
                "_TargetName_": null,
                "_PctResp_": null,
                "_GainBest_": null,
                "_CumLiftBest_": null,
                "_Lift_": null,
                "_CumPctResp_": null,
                "_NEventsBest_": null,
                "_CumPctRespBest_": null,
                "_Value_": null,
                "_NEvents_": null,
                "_LiftBest_": null,
                "_PartInd_": "0",
                "_Resp_": null
            },
            "rowNumber": 16
        },
        {
            "dataMap": {
                "_NObs_": null,
                "_Depth_": null,
                "_CumRespBest_": null,
                "_formattedPartition_": "           0",
                "_column_": "predict",
                "_RespBest_": null,
                "_DataRole_": "VALIDATE",
                "_CumResp_": null,
                "_PctRespBest_": null,
                "_Gain_": null,
                "_CumLift_": null,
                "_Event_": null,
                "_TargetName_": null,
                "_PctResp_": null,
                "_GainBest_": null,
                "_CumLiftBest_": null,
                "_Lift_": null,
                "_CumPctResp_": null,
                "_NEventsBest_": null,
                "_CumPctRespBest_": null,
                "_Value_": null,
                "_NEvents_": null,
                "_LiftBest_": null,
                "_PartInd_": "0",
                "_Resp_": null
            },
            "rowNumber": 17
        },
        {
            "dataMap": {
                "_NObs_": null,
                "_Depth_": null,
                "_CumRespBest_": null,
                "_formattedPartition_": "           0",
                "_column_": "predict",
                "_RespBest_": null,
                "_DataRole_": "VALIDATE",
                "_CumResp_": null,
                "_PctRespBest_": null,
                "_Gain_": null,
                "_CumLift_": null,
                "_Event_": null,
                "_TargetName_": null,
                "_PctResp_": null,
                "_GainBest_": null,
                "_CumLiftBest_": null,
                "_Lift_": null,
                "_CumPctResp_": null,
                "_NEventsBest_": null,
                "_CumPctRespBest_": null,
                "_Value_": null,
                "_NEvents_": null,
                "_LiftBest_": null,
                "_PartInd_": "0",
                "_Resp_": null
            },
            "rowNumber": 18
        },
        {
            "dataMap": {
                "_NObs_": null,
                "_Depth_": null,
                "_CumRespBest_": null,
                "_formattedPartition_": "           0",
                "_column_": "predict",
                "_RespBest_": null,
                "_DataRole_": "VALIDATE",
                "_CumResp_": null,
                "_PctRespBest_": null,
                "_Gain_": null,
                "_CumLift_": null,
                "_Event_": null,
                "_TargetName_": null,
                "_PctResp_": null,
                "_GainBest_": null,
                "_CumLiftBest_": null,
                "_Lift_": null,
                "_CumPctResp_": null,
                "_NEventsBest_": null,
                "_CumPctRespBest_": null,
                "_Value_": null,
                "_NEvents_": null,
                "_LiftBest_": null,
                "_PartInd_": "0",
                "_Resp_": null
            },
            "rowNumber": 19
        },
        {
            "dataMap": {
                "_NObs_": null,
                "_Depth_": null,
                "_CumRespBest_": null,
                "_formattedPartition_": "           0",
                "_column_": "predict",
                "_RespBest_": null,
                "_DataRole_": "VALIDATE",
                "_CumResp_": null,
                "_PctRespBest_": null,
                "_Gain_": null,
                "_CumLift_": null,
                "_Event_": null,
                "_TargetName_": null,
                "_PctResp_": null,
                "_GainBest_": null,
                "_CumLiftBest_": null,
                "_Lift_": null,
                "_CumPctResp_": null,
                "_NEventsBest_": null,
                "_CumPctRespBest_": null,
                "_Value_": null,
                "_NEvents_": null,
                "_LiftBest_": null,
                "_PartInd_": "0",
                "_Resp_": null
            },
            "rowNumber": 20
        },
        {
            "dataMap": {
                "_NObs_": null,
                "_Depth_": null,
                "_CumRespBest_": null,
                "_formattedPartition_": "           0",
                "_column_": "predict",
                "_RespBest_": null,
                "_DataRole_": "VALIDATE",
                "_CumResp_": null,
                "_PctRespBest_": null,
                "_Gain_": null,
                "_CumLift_": null,
                "_Event_": null,
                "_TargetName_": null,
                "_PctResp_": null,
                "_GainBest_": null,
                "_CumLiftBest_": null,
                "_Lift_": null,
                "_CumPctResp_": null,
                "_NEventsBest_": null,
                "_CumPctRespBest_": null,
                "_Value_": null,
                "_NEvents_": null,
                "_LiftBest_": null,
                "_PartInd_": "0",
                "_Resp_": null
            },
            "rowNumber": 21
        },
        {
            "dataMap": {
                "_NObs_": "0",
                "_Depth_": "0",
                "_CumRespBest_": "0",
                "_formattedPartition_": "           1",
                "_column_": "predict",
                "_RespBest_": "0",
                "_DataRole_": "TRAIN",
                "_CumResp_": "0",
                "_Event_": null,
                "_TargetName_": null,
                "_NEventsBest_": "0",
                "_Value_": "0",
                "_NEvents_": "0",
                "_PartInd_": "1",
                "_Resp_": "0"
            },
            "rowNumber": 22
        },
        {
            "dataMap": {
                "_NObs_": 209.0,
                "_Depth_": 5.0,
                "_CumRespBest_": 25.211097708082,
                "_formattedPartition_": "           1",
                "_column_": "predict",
                "_RespBest_": 25.211097708082,
                "_DataRole_": "TRAIN",
                "_CumResp_": 25.211097708082,
                "_PctRespBest_": 100.0,
                "_Gain_": 4.0422195416164,
                "_CumLift_": 5.0422195416164,
                "_Event_": "1",
                "_TargetName_": null,
                "_PctResp_": 100.0,
                "_GainBest_": 4.0422195416164,
                "_CumLiftBest_": 5.0422195416164,
                "_Lift_": 5.0422195416164,
                "_CumPctResp_": 100.0,
                "_NEventsBest_": 209.0,
                "_CumPctRespBest_": 100.0,
                "_Value_": 1.0,
                "_NEvents_": 209.0,
                "_LiftBest_": 5.0422195416164,
                "_PartInd_": "1",
                "_Resp_": 25.211097708082,
                "_Column_": "actual"
            },
            "rowNumber": 23
        },
        {
            "dataMap": {
                "_NObs_": 209.0,
                "_Depth_": 10.0,
                "_CumRespBest_": 50.422195416164,
                "_formattedPartition_": "           1",
                "_column_": "predict",
                "_RespBest_": 25.211097708082,
                "_DataRole_": "TRAIN",
                "_CumResp_": 50.422195416164,
                "_PctRespBest_": 100.0,
                "_Gain_": 4.0422195416164,
                "_CumLift_": 5.0422195416164,
                "_Event_": "1",
                "_TargetName_": null,
                "_PctResp_": 100.0,
                "_GainBest_": 4.0422195416164,
                "_CumLiftBest_": 5.0422195416164,
                "_Lift_": 5.0422195416164,
                "_CumPctResp_": 100.0,
                "_NEventsBest_": 209.0,
                "_CumPctRespBest_": 100.0,
                "_Value_": 1.0,
                "_NEvents_": 209.0,
                "_LiftBest_": 5.0422195416164,
                "_PartInd_": "1",
                "_Resp_": 25.211097708082,
                "_Column_": "actual"
            },
            "rowNumber": 24
        },
        {
            "dataMap": {
                "_NObs_": 209.0,
                "_Depth_": 15.0,
                "_CumRespBest_": 75.633293124246,
                "_formattedPartition_": "           1",
                "_column_": "predict",
                "_RespBest_": 25.211097708082,
                "_DataRole_": "TRAIN",
                "_CumResp_": 75.633293124246,
                "_PctRespBest_": 100.0,
                "_Gain_": 4.0422195416164,
                "_CumLift_": 5.0422195416164,
                "_Event_": "1",
                "_TargetName_": null,
                "_PctResp_": 100.0,
                "_GainBest_": 4.0422195416164,
                "_CumLiftBest_": 5.0422195416164,
                "_Lift_": 5.0422195416164,
                "_CumPctResp_": 100.0,
                "_NEventsBest_": 209.0,
                "_CumPctRespBest_": 100.0,
                "_Value_": 1.0,
                "_NEvents_": 209.0,
                "_LiftBest_": 5.0422195416164,
                "_PartInd_": "1",
                "_Resp_": 25.211097708082,
                "_Column_": "actual"
            },
            "rowNumber": 25
        },
        {
            "dataMap": {
                "_NObs_": 209.0,
                "_Depth_": 20.0,
                "_CumRespBest_": 100.0,
                "_formattedPartition_": "           1",
                "_column_": "predict",
                "_RespBest_": 24.3667068757539,
                "_DataRole_": "TRAIN",
                "_CumResp_": 100.0,
                "_PctRespBest_": 96.6507177033493,
                "_Gain_": 4.0,
                "_CumLift_": 5.0,
                "_Event_": "1",
                "_TargetName_": null,
                "_PctResp_": 96.6507177033493,
                "_GainBest_": 4.0,
                "_CumLiftBest_": 5.0,
                "_Lift_": 4.87334137515078,
                "_CumPctResp_": 99.1626794258373,
                "_NEventsBest_": 202.0,
                "_CumPctRespBest_": 99.1626794258373,
                "_Value_": 0.0,
                "_NEvents_": 202.0,
                "_LiftBest_": 4.87334137515078,
                "_PartInd_": "1",
                "_Resp_": 24.3667068757539,
                "_Column_": "actual"
            },
            "rowNumber": 26
        },
        {
            "dataMap": {
                "_NObs_": 209.0,
                "_Depth_": 25.0,
                "_CumRespBest_": 100.0,
                "_formattedPartition_": "           1",
                "_column_": "predict",
                "_RespBest_": 0.0,
                "_DataRole_": "TRAIN",
                "_CumResp_": 100.0,
                "_PctRespBest_": 0.0,
                "_Gain_": 3.0,
                "_CumLift_": 4.0,
                "_Event_": "1",
                "_TargetName_": null,
                "_PctResp_": 0.0,
                "_GainBest_": 3.0,
                "_CumLiftBest_": 4.0,
                "_Lift_": 0.0,
                "_CumPctResp_": 79.3301435406698,
                "_NEventsBest_": 0.0,
                "_CumPctRespBest_": 79.3301435406698,
                "_Value_": 0.0,
                "_NEvents_": 0.0,
                "_LiftBest_": 0.0,
                "_PartInd_": "1",
                "_Resp_": 0.0,
                "_Column_": "actual"
            },
            "rowNumber": 27
        },
        {
            "dataMap": {
                "_NObs_": 209.0,
                "_Depth_": 30.0,
                "_CumRespBest_": 100.0,
                "_formattedPartition_": "           1",
                "_column_": "predict",
                "_RespBest_": 0.0,
                "_DataRole_": "TRAIN",
                "_CumResp_": 100.0,
                "_PctRespBest_": 0.0,
                "_Gain_": 2.33333333333333,
                "_CumLift_": 3.33333333333333,
                "_Event_": "1",
                "_TargetName_": null,
                "_PctResp_": 0.0,
                "_GainBest_": 2.33333333333333,
                "_CumLiftBest_": 3.33333333333333,
                "_Lift_": 0.0,
                "_CumPctResp_": 66.1084529505582,
                "_NEventsBest_": 0.0,
                "_CumPctRespBest_": 66.1084529505582,
                "_Value_": 0.0,
                "_NEvents_": 0.0,
                "_LiftBest_": 0.0,
                "_PartInd_": "1",
                "_Resp_": 0.0,
                "_Column_": "actual"
            },
            "rowNumber": 28
        },
        {
            "dataMap": {
                "_NObs_": 209.0,
                "_Depth_": 35.0,
                "_CumRespBest_": 100.0,
                "_formattedPartition_": "           1",
                "_column_": "predict",
                "_RespBest_": 0.0,
                "_DataRole_": "TRAIN",
                "_CumResp_": 100.0,
                "_PctRespBest_": 0.0,
                "_Gain_": 1.85714285714285,
                "_CumLift_": 2.85714285714285,
                "_Event_": "1",
                "_TargetName_": null,
                "_PctResp_": 0.0,
                "_GainBest_": 1.85714285714285,
                "_CumLiftBest_": 2.85714285714285,
                "_Lift_": 0.0,
                "_CumPctResp_": 56.6643882433356,
                "_NEventsBest_": 0.0,
                "_CumPctRespBest_": 56.6643882433356,
                "_Value_": 0.0,
                "_NEvents_": 0.0,
                "_LiftBest_": 0.0,
                "_PartInd_": "1",
                "_Resp_": 0.0,
                "_Column_": "actual"
            },
            "rowNumber": 29
        },
        {
            "dataMap": {
                "_NObs_": 209.0,
                "_Depth_": 40.0,
                "_CumRespBest_": 100.0,
                "_formattedPartition_": "           1",
                "_column_": "predict",
                "_RespBest_": 0.0,
                "_DataRole_": "TRAIN",
                "_CumResp_": 100.0,
                "_PctRespBest_": 0.0,
                "_Gain_": 1.5,
                "_CumLift_": 2.5,
                "_Event_": "1",
                "_TargetName_": null,
                "_PctResp_": 0.0,
                "_GainBest_": 1.5,
                "_CumLiftBest_": 2.5,
                "_Lift_": 0.0,
                "_CumPctResp_": 49.5813397129186,
                "_NEventsBest_": 0.0,
                "_CumPctRespBest_": 49.5813397129186,
                "_Value_": 0.0,
                "_NEvents_": 0.0,
                "_LiftBest_": 0.0,
                "_PartInd_": "1",
                "_Resp_": 0.0,
                "_Column_": "actual"
            },
            "rowNumber": 30
        },
        {
            "dataMap": {
                "_NObs_": 209.0,
                "_Depth_": 45.0,
                "_CumRespBest_": 100.0,
                "_formattedPartition_": "           1",
                "_column_": "predict",
                "_RespBest_": 0.0,
                "_DataRole_": "TRAIN",
                "_CumResp_": 100.0,
                "_PctRespBest_": 0.0,
                "_Gain_": 1.22222222222222,
                "_CumLift_": 2.22222222222222,
                "_Event_": "1",
                "_TargetName_": null,
                "_PctResp_": 0.0,
                "_GainBest_": 1.22222222222222,
                "_CumLiftBest_": 2.22222222222222,
                "_Lift_": 0.0,
                "_CumPctResp_": 44.0723019670388,
                "_NEventsBest_": 0.0,
                "_CumPctRespBest_": 44.0723019670388,
                "_Value_": 0.0,
                "_NEvents_": 0.0,
                "_LiftBest_": 0.0,
                "_PartInd_": "1",
                "_Resp_": 0.0,
                "_Column_": "actual"
            },
            "rowNumber": 31
        },
        {
            "dataMap": {
                "_NObs_": 209.0,
                "_Depth_": 50.0,
                "_CumRespBest_": 100.0,
                "_formattedPartition_": "           1",
                "_column_": "predict",
                "_RespBest_": 0.0,
                "_DataRole_": "TRAIN",
                "_CumResp_": 100.0,
                "_PctRespBest_": 0.0,
                "_Gain_": 1.0,
                "_CumLift_": 2.0,
                "_Event_": "1",
                "_TargetName_": null,
                "_PctResp_": 0.0,
                "_GainBest_": 1.0,
                "_CumLiftBest_": 2.0,
                "_Lift_": 0.0,
                "_CumPctResp_": 39.6650717703349,
                "_NEventsBest_": 0.0,
                "_CumPctRespBest_": 39.6650717703349,
                "_Value_": 0.0,
                "_NEvents_": 0.0,
                "_LiftBest_": 0.0,
                "_PartInd_": "1",
                "_Resp_": 0.0,
                "_Column_": "actual"
            },
            "rowNumber": 32
        },
        {
            "dataMap": {
                "_NObs_": 209.0,
                "_Depth_": 55.0,
                "_CumRespBest_": 100.0,
                "_formattedPartition_": "           1",
                "_column_": "predict",
                "_RespBest_": 0.0,
                "_DataRole_": "TRAIN",
                "_CumResp_": 100.0,
                "_PctRespBest_": 0.0,
                "_Gain_": 0.81818181818181,
                "_CumLift_": 1.81818181818181,
                "_Event_": "1",
                "_TargetName_": null,
                "_PctResp_": 0.0,
                "_GainBest_": 0.81818181818181,
                "_CumLiftBest_": 1.81818181818181,
                "_Lift_": 0.0,
                "_CumPctResp_": 36.0591561548499,
                "_NEventsBest_": 0.0,
                "_CumPctRespBest_": 36.0591561548499,
                "_Value_": 0.0,
                "_NEvents_": 0.0,
                "_LiftBest_": 0.0,
                "_PartInd_": "1",
                "_Resp_": 0.0,
                "_Column_": "actual"
            },
            "rowNumber": 33
        },
        {
            "dataMap": {
                "_NObs_": 209.0,
                "_Depth_": 60.0,
                "_CumRespBest_": 100.0,
                "_formattedPartition_": "           1",
                "_column_": "predict",
                "_RespBest_": 0.0,
                "_DataRole_": "TRAIN",
                "_CumResp_": 100.0,
                "_PctRespBest_": 0.0,
                "_Gain_": 0.66666666666666,
                "_CumLift_": 1.66666666666666,
                "_Event_": "1",
                "_TargetName_": null,
                "_PctResp_": 0.0,
                "_GainBest_": 0.66666666666666,
                "_CumLiftBest_": 1.66666666666666,
                "_Lift_": 0.0,
                "_CumPctResp_": 33.0542264752791,
                "_NEventsBest_": 0.0,
                "_CumPctRespBest_": 33.0542264752791,
                "_Value_": 0.0,
                "_NEvents_": 0.0,
                "_LiftBest_": 0.0,
                "_PartInd_": "1",
                "_Resp_": 0.0,
                "_Column_": "actual"
            },
            "rowNumber": 34
        },
        {
            "dataMap": {
                "_NObs_": 209.0,
                "_Depth_": 65.0,
                "_CumRespBest_": 100.0,
                "_formattedPartition_": "           1",
                "_column_": "predict",
                "_RespBest_": 0.0,
                "_DataRole_": "TRAIN",
                "_CumResp_": 100.0,
                "_PctRespBest_": 0.0,
                "_Gain_": 0.53846153846153,
                "_CumLift_": 1.53846153846153,
                "_Event_": "1",
                "_TargetName_": null,
                "_PctResp_": 0.0,
                "_GainBest_": 0.53846153846153,
                "_CumLiftBest_": 1.53846153846153,
                "_Lift_": 0.0,
                "_CumPctResp_": 30.5115936694884,
                "_NEventsBest_": 0.0,
                "_CumPctRespBest_": 30.5115936694884,
                "_Value_": 0.0,
                "_NEvents_": 0.0,
                "_LiftBest_": 0.0,
                "_PartInd_": "1",
                "_Resp_": 0.0,
                "_Column_": "actual"
            },
            "rowNumber": 35
        },
        {
            "dataMap": {
                "_NObs_": 209.0,
                "_Depth_": 70.0,
                "_CumRespBest_": 100.0,
                "_formattedPartition_": "           1",
                "_column_": "predict",
                "_RespBest_": 0.0,
                "_DataRole_": "TRAIN",
                "_CumResp_": 100.0,
                "_PctRespBest_": 0.0,
                "_Gain_": 0.42857142857142,
                "_CumLift_": 1.42857142857142,
                "_Event_": "1",
                "_TargetName_": null,
                "_PctResp_": 0.0,
                "_GainBest_": 0.42857142857142,
                "_CumLiftBest_": 1.42857142857142,
                "_Lift_": 0.0,
                "_CumPctResp_": 28.3321941216678,
                "_NEventsBest_": 0.0,
                "_CumPctRespBest_": 28.3321941216678,
                "_Value_": 0.0,
                "_NEvents_": 0.0,
                "_LiftBest_": 0.0,
                "_PartInd_": "1",
                "_Resp_": 0.0,
                "_Column_": "actual"
            },
            "rowNumber": 36
        },
        {
            "dataMap": {
                "_NObs_": 209.0,
                "_Depth_": 75.0,
                "_CumRespBest_": 100.0,
                "_formattedPartition_": "           1",
                "_column_": "predict",
                "_RespBest_": 0.0,
                "_DataRole_": "TRAIN",
                "_CumResp_": 100.0,
                "_PctRespBest_": 0.0,
                "_Gain_": 0.33333333333333,
                "_CumLift_": 1.33333333333333,
                "_Event_": "1",
                "_TargetName_": null,
                "_PctResp_": 0.0,
                "_GainBest_": 0.33333333333333,
                "_CumLiftBest_": 1.33333333333333,
                "_Lift_": 0.0,
                "_CumPctResp_": 26.4433811802232,
                "_NEventsBest_": 0.0,
                "_CumPctRespBest_": 26.4433811802232,
                "_Value_": 0.0,
                "_NEvents_": 0.0,
                "_LiftBest_": 0.0,
                "_PartInd_": "1",
                "_Resp_": 0.0,
                "_Column_": "actual"
            },
            "rowNumber": 37
        },
        {
            "dataMap": {
                "_NObs_": 209.0,
                "_Depth_": 80.0,
                "_CumRespBest_": 100.0,
                "_formattedPartition_": "           1",
                "_column_": "predict",
                "_RespBest_": 0.0,
                "_DataRole_": "TRAIN",
                "_CumResp_": 100.0,
                "_PctRespBest_": 0.0,
                "_Gain_": 0.25,
                "_CumLift_": 1.25,
                "_Event_": "1",
                "_TargetName_": null,
                "_PctResp_": 0.0,
                "_GainBest_": 0.25,
                "_CumLiftBest_": 1.25,
                "_Lift_": 0.0,
                "_CumPctResp_": 24.7906698564593,
                "_NEventsBest_": 0.0,
                "_CumPctRespBest_": 24.7906698564593,
                "_Value_": 0.0,
                "_NEvents_": 0.0,
                "_LiftBest_": 0.0,
                "_PartInd_": "1",
                "_Resp_": 0.0,
                "_Column_": "actual"
            },
            "rowNumber": 38
        },
        {
            "dataMap": {
                "_NObs_": 209.0,
                "_Depth_": 85.0,
                "_CumRespBest_": 100.0,
                "_formattedPartition_": "           1",
                "_column_": "predict",
                "_RespBest_": 0.0,
                "_DataRole_": "TRAIN",
                "_CumResp_": 100.0,
                "_PctRespBest_": 0.0,
                "_Gain_": 0.17647058823529,
                "_CumLift_": 1.17647058823529,
                "_Event_": "1",
                "_TargetName_": null,
                "_PctResp_": 0.0,
                "_GainBest_": 0.17647058823529,
                "_CumLiftBest_": 1.17647058823529,
                "_Lift_": 0.0,
                "_CumPctResp_": 23.3323951590205,
                "_NEventsBest_": 0.0,
                "_CumPctRespBest_": 23.3323951590205,
                "_Value_": 0.0,
                "_NEvents_": 0.0,
                "_LiftBest_": 0.0,
                "_PartInd_": "1",
                "_Resp_": 0.0,
                "_Column_": "actual"
            },
            "rowNumber": 39
        },
        {
            "dataMap": {
                "_NObs_": 209.0,
                "_Depth_": 90.0,
                "_CumRespBest_": 100.0,
                "_formattedPartition_": "           1",
                "_column_": "predict",
                "_RespBest_": 0.0,
                "_DataRole_": "TRAIN",
                "_CumResp_": 100.0,
                "_PctRespBest_": 0.0,
                "_Gain_": 0.11111111111111,
                "_CumLift_": 1.11111111111111,
                "_Event_": "1",
                "_TargetName_": null,
                "_PctResp_": 0.0,
                "_GainBest_": 0.11111111111111,
                "_CumLiftBest_": 1.11111111111111,
                "_Lift_": 0.0,
                "_CumPctResp_": 22.0361509835194,
                "_NEventsBest_": 0.0,
                "_CumPctRespBest_": 22.0361509835194,
                "_Value_": 0.0,
                "_NEvents_": 0.0,
                "_LiftBest_": 0.0,
                "_PartInd_": "1",
                "_Resp_": 0.0,
                "_Column_": "actual"
            },
            "rowNumber": 40
        },
        {
            "dataMap": {
                "_NObs_": 209.0,
                "_Depth_": 95.0,
                "_CumRespBest_": 100.0,
                "_formattedPartition_": "           1",
                "_column_": "predict",
                "_RespBest_": 0.0,
                "_DataRole_": "TRAIN",
                "_CumResp_": 100.0,
                "_PctRespBest_": 0.0,
                "_Gain_": 0.05263157894736,
                "_CumLift_": 1.05263157894736,
                "_Event_": "1",
                "_TargetName_": null,
                "_PctResp_": 0.0,
                "_GainBest_": 0.05263157894736,
                "_CumLiftBest_": 1.05263157894736,
                "_Lift_": 0.0,
                "_CumPctResp_": 20.8763535633341,
                "_NEventsBest_": 0.0,
                "_CumPctRespBest_": 20.8763535633341,
                "_Value_": 0.0,
                "_NEvents_": 0.0,
                "_LiftBest_": 0.0,
                "_PartInd_": "1",
                "_Resp_": 0.0,
                "_Column_": "actual"
            },
            "rowNumber": 41
        },
        {
            "dataMap": {
                "_NObs_": 201.0,
                "_Depth_": 100.0,
                "_CumRespBest_": 100.0,
                "_formattedPartition_": "           1",
                "_column_": "predict",
                "_RespBest_": 0.0,
                "_DataRole_": "TRAIN",
                "_CumResp_": 100.0,
                "_PctRespBest_": 0.0,
                "_Gain_": 0.0,
                "_CumLift_": 1.0,
                "_Event_": "1",
                "_TargetName_": null,
                "_PctResp_": 0.0,
                "_GainBest_": 0.0,
                "_CumLiftBest_": 1.0,
                "_Lift_": 0.0,
                "_CumPctResp_": 19.8705656759348,
                "_NEventsBest_": 0.0,
                "_CumPctRespBest_": 19.8705656759348,
                "_Value_": 0.0,
                "_NEvents_": 0.0,
                "_LiftBest_": 0.0,
                "_PartInd_": "1",
                "_Resp_": 0.0,
                "_Column_": "actual"
            },
            "rowNumber": 42
        },
        {
            "dataMap": {
                "_NObs_": "0",
                "_Depth_": "0",
                "_CumRespBest_": "0",
                "_formattedPartition_": "           2",
                "_column_": "predict",
                "_RespBest_": "0",
                "_DataRole_": "TEST",
                "_CumResp_": "0",
                "_Event_": null,
                "_TargetName_": null,
                "_NEventsBest_": "0",
                "_Value_": "0",
                "_NEvents_": "0",
                "_PartInd_": "2",
                "_Resp_": "0"
            },
            "rowNumber": 43
        },
        {
            "dataMap": {
                "_NObs_": 90.0,
                "_Depth_": 5.0,
                "_CumRespBest_": 26.7062314540059,
                "_formattedPartition_": "           2",
                "_column_": "predict",
                "_RespBest_": 26.7062314540059,
                "_DataRole_": "TEST",
                "_CumResp_": 17.8783382789317,
                "_PctRespBest_": 100.0,
                "_Gain_": 2.57566765578634,
                "_CumLift_": 3.57566765578635,
                "_Event_": "1",
                "_TargetName_": null,
                "_PctResp_": 66.9444444444444,
                "_GainBest_": 4.34124629080118,
                "_CumLiftBest_": 5.34124629080118,
                "_Lift_": 3.57566765578635,
                "_CumPctResp_": 66.9444444444444,
                "_NEventsBest_": 90.0,
                "_CumPctRespBest_": 100.0,
                "_Value_": 1.0,
                "_NEvents_": 60.25,
                "_LiftBest_": 5.34124629080118,
                "_PartInd_": "2",
                "_Resp_": 17.8783382789317,
                "_Column_": "actual"
            },
            "rowNumber": 44
        },
        {
            "dataMap": {
                "_NObs_": 90.0,
                "_Depth_": 10.0,
                "_CumRespBest_": 53.4124629080118,
                "_formattedPartition_": "           2",
                "_column_": "predict",
                "_RespBest_": 26.7062314540059,
                "_DataRole_": "TEST",
                "_CumResp_": 35.7566765578635,
                "_PctRespBest_": 100.0,
                "_Gain_": 2.57566765578634,
                "_CumLift_": 3.57566765578635,
                "_Event_": "1",
                "_TargetName_": null,
                "_PctResp_": 66.9444444444444,
                "_GainBest_": 4.34124629080118,
                "_CumLiftBest_": 5.34124629080118,
                "_Lift_": 3.57566765578635,
                "_CumPctResp_": 66.9444444444444,
                "_NEventsBest_": 90.0,
                "_CumPctRespBest_": 100.0,
                "_Value_": 1.0,
                "_NEvents_": 60.25,
                "_LiftBest_": 5.34124629080118,
                "_PartInd_": "2",
                "_Resp_": 17.8783382789317,
                "_Column_": "actual"
            },
            "rowNumber": 45
        },
        {
            "dataMap": {
                "_NObs_": 90.0,
                "_Depth_": 15.0,
                "_CumRespBest_": 80.1186943620178,
                "_formattedPartition_": "           2",
                "_column_": "predict",
                "_RespBest_": 26.7062314540059,
                "_DataRole_": "TEST",
                "_CumResp_": 53.6350148367952,
                "_PctRespBest_": 100.0,
                "_Gain_": 2.57566765578634,
                "_CumLift_": 3.57566765578635,
                "_Event_": "1",
                "_TargetName_": null,
                "_PctResp_": 66.9444444444444,
                "_GainBest_": 4.34124629080118,
                "_CumLiftBest_": 5.34124629080118,
                "_Lift_": 3.57566765578635,
                "_CumPctResp_": 66.9444444444444,
                "_NEventsBest_": 90.0,
                "_CumPctRespBest_": 100.0,
                "_Value_": 1.0,
                "_NEvents_": 60.25,
                "_LiftBest_": 5.34124629080118,
                "_PartInd_": "2",
                "_Resp_": 17.8783382789317,
                "_Column_": "actual"
            },
            "rowNumber": 46
        },
        {
            "dataMap": {
                "_NObs_": 90.0,
                "_Depth_": 20.0,
                "_CumRespBest_": 100.0,
                "_formattedPartition_": "           2",
                "_column_": "predict",
                "_RespBest_": 19.8813056379822,
                "_DataRole_": "TEST",
                "_CumResp_": 71.513353115727,
                "_PctRespBest_": 74.4444444444444,
                "_Gain_": 2.57566765578634,
                "_CumLift_": 3.57566765578635,
                "_Event_": "1",
                "_TargetName_": null,
                "_PctResp_": 66.9444444444444,
                "_GainBest_": 4.0,
                "_CumLiftBest_": 5.0,
                "_Lift_": 3.57566765578635,
                "_CumPctResp_": 66.9444444444444,
                "_NEventsBest_": 67.0,
                "_CumPctRespBest_": 93.6111111111111,
                "_Value_": 0.5,
                "_NEvents_": 60.25,
                "_LiftBest_": 3.97626112759643,
                "_PartInd_": "2",
                "_Resp_": 17.8783382789317,
                "_Column_": "actual"
            },
            "rowNumber": 47
        },
        {
            "dataMap": {
                "_NObs_": 90.0,
                "_Depth_": 25.0,
                "_CumRespBest_": 100.0,
                "_formattedPartition_": "           2",
                "_column_": "predict",
                "_RespBest_": 0.0,
                "_DataRole_": "TEST",
                "_CumResp_": 73.308730020198,
                "_PctRespBest_": 0.0,
                "_Gain_": 1.93234920080791,
                "_CumLift_": 2.93234920080791,
                "_Event_": "1",
                "_TargetName_": null,
                "_PctResp_": 6.72268907563025,
                "_GainBest_": 3.0,
                "_CumLiftBest_": 4.0,
                "_Lift_": 0.35907538089419,
                "_CumPctResp_": 54.9000933706816,
                "_NEventsBest_": 0.0,
                "_CumPctRespBest_": 74.8888888888889,
                "_Value_": 0.0,
                "_NEvents_": 6.05042016806722,
                "_LiftBest_": 0.0,
                "_PartInd_": "2",
                "_Resp_": 1.79537690447098,
                "_Column_": "actual"
            },
            "rowNumber": 48
        },
        {
            "dataMap": {
                "_NObs_": 90.0,
                "_Depth_": 30.0,
                "_CumRespBest_": 100.0,
                "_formattedPartition_": "           2",
                "_column_": "predict",
                "_RespBest_": 0.0,
                "_DataRole_": "TEST",
                "_CumResp_": 75.1041069246689,
                "_PctRespBest_": 0.0,
                "_Gain_": 1.5034702308223,
                "_CumLift_": 2.5034702308223,
                "_Event_": "1",
                "_TargetName_": null,
                "_PctResp_": 6.72268907563025,
                "_GainBest_": 2.33333333333333,
                "_CumLiftBest_": 3.33333333333333,
                "_Lift_": 0.35907538089419,
                "_CumPctResp_": 46.870525988173,
                "_NEventsBest_": 0.0,
                "_CumPctRespBest_": 62.4074074074074,
                "_Value_": 0.0,
                "_NEvents_": 6.05042016806722,
                "_LiftBest_": 0.0,
                "_PartInd_": "2",
                "_Resp_": 1.79537690447098,
                "_Column_": "actual"
            },
            "rowNumber": 49
        },
        {
            "dataMap": {
                "_NObs_": 90.0,
                "_Depth_": 35.0,
                "_CumRespBest_": 100.0,
                "_formattedPartition_": "           2",
                "_column_": "predict",
                "_RespBest_": 0.0,
                "_DataRole_": "TEST",
                "_CumResp_": 76.8994838291399,
                "_PctRespBest_": 0.0,
                "_Gain_": 1.19712810940399,
                "_CumLift_": 2.19712810940399,
                "_Event_": "1",
                "_TargetName_": null,
                "_PctResp_": 6.72268907563025,
                "_GainBest_": 1.85714285714285,
                "_CumLiftBest_": 2.85714285714285,
                "_Lift_": 0.35907538089419,
                "_CumPctResp_": 41.1351207149526,
                "_NEventsBest_": 0.0,
                "_CumPctRespBest_": 53.4920634920635,
                "_Value_": 0.0,
                "_NEvents_": 6.05042016806722,
                "_LiftBest_": 0.0,
                "_PartInd_": "2",
                "_Resp_": 1.79537690447098,
                "_Column_": "actual"
            },
            "rowNumber": 50
        },
        {
            "dataMap": {
                "_NObs_": 90.0,
                "_Depth_": 40.0,
                "_CumRespBest_": 100.0,
                "_formattedPartition_": "           2",
                "_column_": "predict",
                "_RespBest_": 0.0,
                "_DataRole_": "TEST",
                "_CumResp_": 78.6948607336109,
                "_PctRespBest_": 0.0,
                "_Gain_": 0.96737151834027,
                "_CumLift_": 1.96737151834027,
                "_Event_": "1",
                "_TargetName_": null,
                "_PctResp_": 6.72268907563025,
                "_GainBest_": 1.5,
                "_CumLiftBest_": 2.5,
                "_Lift_": 0.35907538089419,
                "_CumPctResp_": 36.8335667600373,
                "_NEventsBest_": 0.0,
                "_CumPctRespBest_": 46.8055555555555,
                "_Value_": 0.0,
                "_NEvents_": 6.05042016806722,
                "_LiftBest_": 0.0,
                "_PartInd_": "2",
                "_Resp_": 1.79537690447098,
                "_Column_": "actual"
            },
            "rowNumber": 51
        },
        {
            "dataMap": {
                "_NObs_": 90.0,
                "_Depth_": 45.0,
                "_CumRespBest_": 100.0,
                "_formattedPartition_": "           2",
                "_column_": "predict",
                "_RespBest_": 0.0,
                "_DataRole_": "TEST",
                "_CumResp_": 80.4902376380819,
                "_PctRespBest_": 0.0,
                "_Gain_": 0.78867194751293,
                "_CumLift_": 1.78867194751293,
                "_Event_": "1",
                "_TargetName_": null,
                "_PctResp_": 6.72268907563025,
                "_GainBest_": 1.22222222222222,
                "_CumLiftBest_": 2.22222222222222,
                "_Lift_": 0.35907538089419,
                "_CumPctResp_": 33.4879136839921,
                "_NEventsBest_": 0.0,
                "_CumPctRespBest_": 41.6049382716049,
                "_Value_": 0.0,
                "_NEvents_": 6.05042016806722,
                "_LiftBest_": 0.0,
                "_PartInd_": "2",
                "_Resp_": 1.79537690447098,
                "_Column_": "actual"
            },
            "rowNumber": 52
        },
        {
            "dataMap": {
                "_NObs_": 90.0,
                "_Depth_": 50.0,
                "_CumRespBest_": 100.0,
                "_formattedPartition_": "           2",
                "_column_": "predict",
                "_RespBest_": 0.0,
                "_DataRole_": "TEST",
                "_CumResp_": 82.2856145425529,
                "_PctRespBest_": 0.0,
                "_Gain_": 0.64571229085105,
                "_CumLift_": 1.64571229085105,
                "_Event_": "1",
                "_TargetName_": null,
                "_PctResp_": 6.72268907563025,
                "_GainBest_": 1.0,
                "_CumLiftBest_": 2.0,
                "_Lift_": 0.35907538089419,
                "_CumPctResp_": 30.8113912231559,
                "_NEventsBest_": 0.0,
                "_CumPctRespBest_": 37.4444444444444,
                "_Value_": 0.0,
                "_NEvents_": 6.05042016806722,
                "_LiftBest_": 0.0,
                "_PartInd_": "2",
                "_Resp_": 1.79537690447098,
                "_Column_": "actual"
            },
            "rowNumber": 53
        },
        {
            "dataMap": {
                "_NObs_": 90.0,
                "_Depth_": 55.0,
                "_CumRespBest_": 100.0,
                "_formattedPartition_": "           2",
                "_column_": "predict",
                "_RespBest_": 0.0,
                "_DataRole_": "TEST",
                "_CumResp_": 84.0809914470239,
                "_PctRespBest_": 0.0,
                "_Gain_": 0.52874529903679,
                "_CumLift_": 1.52874529903679,
                "_Event_": "1",
                "_TargetName_": null,
                "_PctResp_": 6.72268907563025,
                "_GainBest_": 0.81818181818181,
                "_CumLiftBest_": 1.81818181818181,
                "_Lift_": 0.35907538089419,
                "_CumPctResp_": 28.6215092097445,
                "_NEventsBest_": 0.0,
                "_CumPctRespBest_": 34.040404040404,
                "_Value_": 0.0,
                "_NEvents_": 6.05042016806722,
                "_LiftBest_": 0.0,
                "_PartInd_": "2",
                "_Resp_": 1.79537690447098,
                "_Column_": "actual"
            },
            "rowNumber": 54
        },
        {
            "dataMap": {
                "_NObs_": 90.0,
                "_Depth_": 60.0,
                "_CumRespBest_": 100.0,
                "_formattedPartition_": "           2",
                "_column_": "predict",
                "_RespBest_": 0.0,
                "_DataRole_": "TEST",
                "_CumResp_": 85.8763683514949,
                "_PctRespBest_": 0.0,
                "_Gain_": 0.43127280585824,
                "_CumLift_": 1.43127280585824,
                "_Event_": "1",
                "_TargetName_": null,
                "_PctResp_": 6.72268907563025,
                "_GainBest_": 0.66666666666666,
                "_CumLiftBest_": 1.66666666666666,
                "_Lift_": 0.35907538089419,
                "_CumPctResp_": 26.7966075319016,
                "_NEventsBest_": 0.0,
                "_CumPctRespBest_": 31.2037037037037,
                "_Value_": 0.0,
                "_NEvents_": 6.05042016806722,
                "_LiftBest_": 0.0,
                "_PartInd_": "2",
                "_Resp_": 1.79537690447098,
                "_Column_": "actual"
            },
            "rowNumber": 55
        },
        {
            "dataMap": {
                "_NObs_": 90.0,
                "_Depth_": 65.0,
                "_CumRespBest_": 100.0,
                "_formattedPartition_": "           2",
                "_column_": "predict",
                "_RespBest_": 0.0,
                "_DataRole_": "TEST",
                "_CumResp_": 87.6717452559658,
                "_PctRespBest_": 0.0,
                "_Gain_": 0.34879608086101,
                "_CumLift_": 1.34879608086101,
                "_Event_": "1",
                "_TargetName_": null,
                "_PctResp_": 6.72268907563025,
                "_GainBest_": 0.53846153846153,
                "_CumLiftBest_": 1.53846153846153,
                "_Lift_": 0.35907538089419,
                "_CumPctResp_": 25.2524599583423,
                "_NEventsBest_": 0.0,
                "_CumPctRespBest_": 28.8034188034188,
                "_Value_": 0.0,
                "_NEvents_": 6.05042016806722,
                "_LiftBest_": 0.0,
                "_PartInd_": "2",
                "_Resp_": 1.79537690447098,
                "_Column_": "actual"
            },
            "rowNumber": 56
        },
        {
            "dataMap": {
                "_NObs_": 90.0,
                "_Depth_": 70.0,
                "_CumRespBest_": 100.0,
                "_formattedPartition_": "           2",
                "_column_": "predict",
                "_RespBest_": 0.0,
                "_DataRole_": "TEST",
                "_CumResp_": 89.4671221604368,
                "_PctRespBest_": 0.0,
                "_Gain_": 0.27810174514909,
                "_CumLift_": 1.27810174514909,
                "_Event_": "1",
                "_TargetName_": null,
                "_PctResp_": 6.72268907563025,
                "_GainBest_": 0.42857142857142,
                "_CumLiftBest_": 1.42857142857142,
                "_Lift_": 0.35907538089419,
                "_CumPctResp_": 23.9289048952914,
                "_NEventsBest_": 0.0,
                "_CumPctRespBest_": 26.7460317460317,
                "_Value_": 0.0,
                "_NEvents_": 6.05042016806722,
                "_LiftBest_": 0.0,
                "_PartInd_": "2",
                "_Resp_": 1.79537690447098,
                "_Column_": "actual"
            },
            "rowNumber": 57
        },
        {
            "dataMap": {
                "_NObs_": 90.0,
                "_Depth_": 75.0,
                "_CumRespBest_": 100.0,
                "_formattedPartition_": "           2",
                "_column_": "predict",
                "_RespBest_": 0.0,
                "_DataRole_": "TEST",
                "_CumResp_": 91.2624990649078,
                "_PctRespBest_": 0.0,
                "_Gain_": 0.21683332086543,
                "_CumLift_": 1.21683332086543,
                "_Event_": "1",
                "_TargetName_": null,
                "_PctResp_": 6.72268907563025,
                "_GainBest_": 0.33333333333333,
                "_CumLiftBest_": 1.33333333333333,
                "_Lift_": 0.35907538089419,
                "_CumPctResp_": 22.7818238406473,
                "_NEventsBest_": 0.0,
                "_CumPctRespBest_": 24.9629629629629,
                "_Value_": 0.0,
                "_NEvents_": 6.05042016806722,
                "_LiftBest_": 0.0,
                "_PartInd_": "2",
                "_Resp_": 1.79537690447098,
                "_Column_": "actual"
            },
            "rowNumber": 58
        },
        {
            "dataMap": {
                "_NObs_": 90.0,
                "_Depth_": 80.0,
                "_CumRespBest_": 100.0,
                "_formattedPartition_": "           2",
                "_column_": "predict",
                "_RespBest_": 0.0,
                "_DataRole_": "TEST",
                "_CumResp_": 93.0578759693788,
                "_PctRespBest_": 0.0,
                "_Gain_": 0.16322344961723,
                "_CumLift_": 1.16322344961723,
                "_Event_": "1",
                "_TargetName_": null,
                "_PctResp_": 6.72268907563025,
                "_GainBest_": 0.25,
                "_CumLiftBest_": 1.25,
                "_Lift_": 0.35907538089419,
                "_CumPctResp_": 21.7781279178337,
                "_NEventsBest_": 0.0,
                "_CumPctRespBest_": 23.4027777777777,
                "_Value_": 0.0,
                "_NEvents_": 6.05042016806722,
                "_LiftBest_": 0.0,
                "_PartInd_": "2",
                "_Resp_": 1.79537690447098,
                "_Column_": "actual"
            },
            "rowNumber": 59
        },
        {
            "dataMap": {
                "_NObs_": 90.0,
                "_Depth_": 85.0,
                "_CumRespBest_": 100.0,
                "_formattedPartition_": "           2",
                "_column_": "predict",
                "_RespBest_": 0.0,
                "_DataRole_": "TEST",
                "_CumResp_": 94.8532528738498,
                "_PctRespBest_": 0.0,
                "_Gain_": 0.11592062204529,
                "_CumLift_": 1.11592062204529,
                "_Event_": "1",
                "_TargetName_": null,
                "_PctResp_": 6.72268907563025,
                "_GainBest_": 0.17647058823529,
                "_CumLiftBest_": 1.17647058823529,
                "_Lift_": 0.35907538089419,
                "_CumPctResp_": 20.8925138682924,
                "_NEventsBest_": 0.0,
                "_CumPctRespBest_": 22.0261437908496,
                "_Value_": 0.0,
                "_NEvents_": 6.05042016806722,
                "_LiftBest_": 0.0,
                "_PartInd_": "2",
                "_Resp_": 1.79537690447098,
                "_Column_": "actual"
            },
            "rowNumber": 60
        },
        {
            "dataMap": {
                "_NObs_": 90.0,
                "_Depth_": 90.0,
                "_CumRespBest_": 100.0,
                "_formattedPartition_": "           2",
                "_column_": "predict",
                "_RespBest_": 0.0,
                "_DataRole_": "TEST",
                "_CumResp_": 96.6486297783208,
                "_PctRespBest_": 0.0,
                "_Gain_": 0.07387366420356,
                "_CumLift_": 1.07387366420356,
                "_Event_": "1",
                "_TargetName_": null,
                "_PctResp_": 6.72268907563025,
                "_GainBest_": 0.11111111111111,
                "_CumLiftBest_": 1.11111111111111,
                "_Lift_": 0.35907538089419,
                "_CumPctResp_": 20.1053013798111,
                "_NEventsBest_": 0.0,
                "_CumPctRespBest_": 20.8024691358024,
                "_Value_": 0.0,
                "_NEvents_": 6.05042016806722,
                "_LiftBest_": 0.0,
                "_PartInd_": "2",
                "_Resp_": 1.79537690447098,
                "_Column_": "actual"
            },
            "rowNumber": 61
        },
        {
            "dataMap": {
                "_NObs_": 90.0,
                "_Depth_": 95.0,
                "_CumRespBest_": 100.0,
                "_formattedPartition_": "           2",
                "_column_": "predict",
                "_RespBest_": 0.0,
                "_DataRole_": "TEST",
                "_CumResp_": 98.4440066827918,
                "_PctRespBest_": 0.0,
                "_Gain_": 0.03625270192412,
                "_CumLift_": 1.03625270192412,
                "_Event_": "1",
                "_TargetName_": null,
                "_PctResp_": 6.72268907563025,
                "_GainBest_": 0.05263157894736,
                "_CumLiftBest_": 1.05263157894736,
                "_Lift_": 0.35907538089419,
                "_CumPctResp_": 19.4009533638016,
                "_NEventsBest_": 0.0,
                "_CumPctRespBest_": 19.7076023391812,
                "_Value_": 0.0,
                "_NEvents_": 6.05042016806722,
                "_LiftBest_": 0.0,
                "_PartInd_": "2",
                "_Resp_": 1.79537690447098,
                "_Column_": "actual"
            },
            "rowNumber": 62
        },
        {
            "dataMap": {
                "_NObs_": 78.0,
                "_Depth_": 100.0,
                "_CumRespBest_": 100.0,
                "_formattedPartition_": "           2",
                "_column_": "predict",
                "_RespBest_": 0.0,
                "_DataRole_": "TEST",
                "_CumResp_": 100.0,
                "_PctRespBest_": 0.0,
                "_Gain_": -7.7715611723761e-16,
                "_CumLift_": 1.0,
                "_Event_": "1",
                "_TargetName_": null,
                "_PctResp_": 6.72268907563025,
                "_GainBest_": 0.0,
                "_CumLiftBest_": 1.0,
                "_Lift_": 0.31119866344163,
                "_CumPctResp_": 18.8478747203579,
                "_NEventsBest_": 0.0,
                "_CumPctRespBest_": 18.8478747203579,
                "_Value_": 0.0,
                "_NEvents_": 5.24369747899159,
                "_LiftBest_": 0.0,
                "_PartInd_": "2",
                "_Resp_": 1.55599331720818,
                "_Column_": "actual"
            },
            "rowNumber": 63
        }
    ],
    "version": 1,
    "xInteger": false,
    "yInteger": false
}