{
    "creationTimeStamp": null,
    "modifiedTimeStamp": null,
    "createdBy": null,
    "modifiedBy": null,
    "id": null,
    "name": "dmcas_fitstat",
    "description": null,
    "revision": 0,
    "groupName": null,
    "order": 0,
    "type": null,
    "parameterMap": {
        "_RASE_": {
            "parameter": "_RASE_",
            "type": "num",
            "label": "Root Average Squared Error",
            "length": 8,
            "order": 7,
            "values": [
                "_RASE_"
            ],
            "preformatted": false
        },
        "_NObs_": {
            "parameter": "_NObs_",
            "type": "num",
            "label": "Sum of Frequencies",
            "length": 8,
            "order": 4,
            "values": [
                "_NObs_"
            ],
            "preformatted": false
        },
        "_GINI_": {
            "parameter": "_GINI_",
            "type": "num",
            "label": "Gini Coefficient",
            "length": 8,
            "order": 12,
            "values": [
                "_GINI_"
            ],
            "preformatted": false
        },
        "_GAMMA_": {
            "parameter": "_GAMMA_",
            "type": "num",
            "label": "Gamma",
            "length": 8,
            "order": 13,
            "values": [
                "_GAMMA_"
            ],
            "preformatted": false
        },
        "_formattedPartition_": {
            "parameter": "_formattedPartition_",
            "type": "char",
            "label": "Formatted Partition",
            "length": 12,
            "order": 3,
            "values": [
                "_formattedPartition_"
            ],
            "preformatted": false
        },
        "_DataRole_": {
            "parameter": "_DataRole_",
            "type": "char",
            "label": "Data Role",
            "length": 10,
            "order": 1,
            "values": [
                "_DataRole_"
            ],
            "preformatted": false
        },
        "_MCE_": {
            "parameter": "_MCE_",
            "type": "num",
            "label": "Misclassification Rate",
            "length": 8,
            "order": 8,
            "values": [
                "_MCE_"
            ],
            "preformatted": false
        },
        "_ASE_": {
            "parameter": "_ASE_",
            "type": "num",
            "label": "Average Squared Error",
            "length": 8,
            "order": 5,
            "values": [
                "_ASE_"
            ],
            "preformatted": false
        },
        "_MCLL_": {
            "parameter": "_MCLL_",
            "type": "num",
            "label": "Multi-Class Log Loss",
            "length": 8,
            "order": 9,
            "values": [
                "_MCLL_"
            ],
            "preformatted": false
        },
        "_KS_": {
            "parameter": "_KS_",
            "type": "num",
            "label": "KS (Youden)",
            "length": 8,
            "order": 10,
            "values": [
                "_KS_"
            ],
            "preformatted": false
        },
        "_KSPostCutoff_": {
            "parameter": "_KSPostCutoff_",
            "type": "num",
            "label": "ROC Separation",
            "length": 8,
            "order": 16,
            "values": [
                "_KSPostCutoff_"
            ],
            "preformatted": false
        },
        "_DIV_": {
            "parameter": "_DIV_",
            "type": "num",
            "label": "Divisor for ASE",
            "length": 8,
            "order": 6,
            "values": [
                "_DIV_"
            ],
            "preformatted": false
        },
        "_TAU_": {
            "parameter": "_TAU_",
            "type": "num",
            "label": "Tau",
            "length": 8,
            "order": 14,
            "values": [
                "_TAU_"
            ],
            "preformatted": false
        },
        "_KSCut_": {
            "parameter": "_KSCut_",
            "type": "num",
            "label": "KS Cutoff",
            "length": 8,
            "order": 15,
            "values": [
                "_KSCut_"
            ],
            "preformatted": false
        },
        "_C_": {
            "parameter": "_C_",
            "type": "num",
            "label": "Area Under ROC",
            "length": 8,
            "order": 11,
            "values": [
                "_C_"
            ],
            "preformatted": false
        },
        "_PartInd_": {
            "parameter": "_PartInd_",
            "type": "num",
            "label": "Partition Indicator",
            "length": 8,
            "order": 2,
            "values": [
                "_PartInd_"
            ],
            "preformatted": false
        }
    },
    "data": [
        {
            "dataMap": {
                "_RASE_": null,
                "_NObs_": null,
                "_GINI_": null,
                "_GAMMA_": null,
                "_formattedPartition_": "           0",
                "_DataRole_": "VALIDATE",
                "_MCE_": null,
                "_ASE_": null,
                "_MCLL_": null,
                "_KS_": null,
                "_KSPostCutoff_": null,
                "_DIV_": null,
                "_TAU_": null,
                "_KSCut_": null,
                "_C_": null,
                "_PartInd_": null
            },
            "rowNumber": 1,
            "header": null
        },
        {
            "dataMap": {
                "_RASE_": 0.5193883363496109,
                "_NObs_": 70,
                "_GINI_": -0.21052631578947367,
                "_GAMMA_": 0.7898966883660034,
                "_formattedPartition_": "           1",
                "_DataRole_": "TRAIN",
                "_MCE_": 0.5428571428571429,
                "_ASE_": 0.2697642439360165,
                "_MCLL_": 0.7335173054705607,
                "_KS_": 0.20065789473684212,
                "_KSPostCutoff_": null,
                "_DIV_": 70,
                "_TAU_": -0.17405447907917806,
                "_KSCut_": null,
                "_C_": 0.39473684210526316,
                "_PartInd_": 1
            },
            "rowNumber": 2,
            "header": null
        },
        {
            "dataMap": {
                "_RASE_": 0.5018094518856372,
                "_NObs_": 30,
                "_GINI_": 0.36444444444444435,
                "_GAMMA_": 0.784534658211661,
                "_formattedPartition_": "           2",
                "_DataRole_": "TEST",
                "_MCE_": 0.5,
                "_ASE_": 0.2518127260017636,
                "_MCLL_": 0.6965088656835182,
                "_KS_": 0.26666666666666666,
                "_KSPostCutoff_": null,
                "_DIV_": 30,
                "_TAU_": 0.3075240262531132,
                "_KSCut_": null,
                "_C_": 0.6822222222222222,
                "_PartInd_": 2
            },
            "rowNumber": 3,
            "header": null
        }
    ],
    "version": 1,
    "xInteger": false,
    "yInteger": false
}