{
    "name": "dmcas_lift",
    "revision": 0,
    "order": 0,
    "parameterMap": {
        "_NObs_": {
            "parameter": "_NObs_",
            "type": "num",
            "label": "Sum of Frequencies",
            "length": 8,
            "order": 9,
            "values": [
                "_NObs_"
            ],
            "preformatted": false
        },
        "_Depth_": {
            "parameter": "_Depth_",
            "type": "num",
            "label": "Depth",
            "length": 8,
            "order": 7,
            "values": [
                "_Depth_"
            ],
            "preformatted": false
        },
        "_CumRespBest_": {
            "parameter": "_CumRespBest_",
            "type": "num",
            "label": "Best Cumulative Captured Response Percentage",
            "length": 8,
            "order": 17,
            "values": [
                "_CumRespBest_"
            ],
            "preformatted": false
        },
        "_formattedPartition_": {
            "parameter": "_formattedPartition_",
            "type": "char",
            "label": "Formatted Partition",
            "length": 12,
            "order": 4,
            "values": [
                "_formattedPartition_"
            ],
            "preformatted": false
        },
        "_Column_": {
            "parameter": "_Column_",
            "type": "char",
            "label": "Analysis Variable",
            "length": 8,
            "order": 5,
            "values": [
                "_Column_"
            ],
            "preformatted": false
        },
        "_RespBest_": {
            "parameter": "_RespBest_",
            "type": "num",
            "label": "Best Captured Response Percentage",
            "length": 8,
            "order": 13,
            "values": [
                "_RespBest_"
            ],
            "preformatted": false
        },
        "_DataRole_": {
            "parameter": "_DataRole_",
            "type": "char",
            "label": "Data Role",
            "length": 10,
            "order": 2,
            "values": [
                "_DataRole_"
            ],
            "preformatted": false
        },
        "_CumResp_": {
            "parameter": "_CumResp_",
            "type": "num",
            "label": "Cumulative Captured Response Percentage",
            "length": 8,
            "order": 16,
            "values": [
                "_CumResp_"
            ],
            "preformatted": false
        },
        "_PctRespBest_": {
            "parameter": "_PctRespBest_",
            "type": "num",
            "label": "Best Response Percentage",
            "length": 8,
            "order": 21,
            "values": [
                "_PctRespBest_"
            ],
            "preformatted": false
        },
        "_Gain_": {
            "parameter": "_Gain_",
            "type": "num",
            "label": "Gain",
            "length": 8,
            "order": 24,
            "values": [
                "_Gain_"
            ],
            "preformatted": false
        },
        "_CumLift_": {
            "parameter": "_CumLift_",
            "type": "num",
            "label": "Cumulative Lift",
            "length": 8,
            "order": 18,
            "values": [
                "_CumLift_"
            ],
            "preformatted": false
        },
        "_Event_": {
            "parameter": "_Event_",
            "type": "char",
            "label": "Event",
            "length": 12,
            "order": 6,
            "values": [
                "_Event_"
            ],
            "preformatted": false
        },
        "_TargetName_": {
            "parameter": "_TargetName_",
            "type": "char",
            "label": "Target Name",
            "length": 6,
            "order": 1,
            "values": [
                "_TargetName_"
            ],
            "preformatted": false
        },
        "_PctResp_": {
            "parameter": "_PctResp_",
            "type": "num",
            "label": "Response Percentage",
            "length": 8,
            "order": 20,
            "values": [
                "_PctResp_"
            ],
            "preformatted": false
        },
        "_GainBest_": {
            "parameter": "_GainBest_",
            "type": "num",
            "label": "Best Gain",
            "length": 8,
            "order": 25,
            "values": [
                "_GainBest_"
            ],
            "preformatted": false
        },
        "_CumLiftBest_": {
            "parameter": "_CumLiftBest_",
            "type": "num",
            "label": "Best Cumulative Lift",
            "length": 8,
            "order": 19,
            "values": [
                "_CumLiftBest_"
            ],
            "preformatted": false
        },
        "_Lift_": {
            "parameter": "_Lift_",
            "type": "num",
            "label": "Lift",
            "length": 8,
            "order": 14,
            "values": [
                "_Lift_"
            ],
            "preformatted": false
        },
        "_CumPctResp_": {
            "parameter": "_CumPctResp_",
            "type": "num",
            "label": "Cumulative Response Percentage",
            "length": 8,
            "order": 22,
            "values": [
                "_CumPctResp_"
            ],
            "preformatted": false
        },
        "_NEventsBest_": {
            "parameter": "_NEventsBest_",
            "type": "num",
            "label": "Best Number of Events",
            "length": 8,
            "order": 11,
            "values": [
                "_NEventsBest_"
            ],
            "preformatted": false
        },
        "_CumPctRespBest_": {
            "parameter": "_CumPctRespBest_",
            "type": "num",
            "label": "Best Cumulative Response Percentage",
            "length": 8,
            "order": 23,
            "values": [
                "_CumPctRespBest_"
            ],
            "preformatted": false
        },
        "_Value_": {
            "parameter": "_Value_",
            "type": "num",
            "label": "Value",
            "length": 8,
            "order": 8,
            "values": [
                "_Value_"
            ],
            "preformatted": false
        },
        "_NEvents_": {
            "parameter": "_NEvents_",
            "type": "num",
            "label": "Number of Events",
            "length": 8,
            "order": 10,
            "values": [
                "_NEvents_"
            ],
            "preformatted": false
        },
        "_LiftBest_": {
            "parameter": "_LiftBest_",
            "type": "num",
            "label": "Best Lift",
            "length": 8,
            "order": 15,
            "values": [
                "_LiftBest_"
            ],
            "preformatted": false
        },
        "_PartInd_": {
            "parameter": "_PartInd_",
            "type": "num",
            "label": "Partition Indicator",
            "length": 8,
            "order": 3,
            "values": [
                "_PartInd_"
            ],
            "preformatted": false
        },
        "_Resp_": {
            "parameter": "_Resp_",
            "type": "num",
            "label": "Captured Response Percentage",
            "length": 8,
            "order": 12,
            "values": [
                "_Resp_"
            ],
            "preformatted": false
        }
    },
    "data": [
        {
            "dataMap": {
                "_NObs_": "0",
                "_Depth_": "0",
                "_CumRespBest_": "0",
                "_formattedPartition_": "           0",
                "_Column_": "predict",
                "_RespBest_": "0",
                "_DataRole_": "VALIDATE",
                "_CumResp_": "0",
                "_Event_": null,
                "_TargetName_": null,
                "_NEventsBest_": "0",
                "_Value_": "0",
                "_NEvents_": "0",
                "_PartInd_": "0",
                "_Resp_": "0"
            },
            "rowNumber": 1
        },
        {
            "dataMap": {
                "_NObs_": null,
                "_Depth_": null,
                "_CumRespBest_": null,
                "_formattedPartition_": "           0",
                "_column_": "predict",
                "_RespBest_": null,
                "_DataRole_": "VALIDATE",
                "_CumResp_": null,
                "_PctRespBest_": null,
                "_Gain_": null,
                "_CumLift_": null,
                "_Event_": null,
                "_TargetName_": null,
                "_PctResp_": null,
                "_GainBest_": null,
                "_CumLiftBest_": null,
                "_Lift_": null,
                "_CumPctResp_": null,
                "_NEventsBest_": null,
                "_CumPctRespBest_": null,
                "_Value_": null,
                "_NEvents_": null,
                "_LiftBest_": null,
                "_PartInd_": "0",
                "_Resp_": null
            },
            "rowNumber": 2
        },
        {
            "dataMap": {
                "_NObs_": null,
                "_Depth_": null,
                "_CumRespBest_": null,
                "_formattedPartition_": "           0",
                "_column_": "predict",
                "_RespBest_": null,
                "_DataRole_": "VALIDATE",
                "_CumResp_": null,
                "_PctRespBest_": null,
                "_Gain_": null,
                "_CumLift_": null,
                "_Event_": null,
                "_TargetName_": null,
                "_PctResp_": null,
                "_GainBest_": null,
                "_CumLiftBest_": null,
                "_Lift_": null,
                "_CumPctResp_": null,
                "_NEventsBest_": null,
                "_CumPctRespBest_": null,
                "_Value_": null,
                "_NEvents_": null,
                "_LiftBest_": null,
                "_PartInd_": "0",
                "_Resp_": null
            },
            "rowNumber": 3
        },
        {
            "dataMap": {
                "_NObs_": null,
                "_Depth_": null,
                "_CumRespBest_": null,
                "_formattedPartition_": "           0",
                "_column_": "predict",
                "_RespBest_": null,
                "_DataRole_": "VALIDATE",
                "_CumResp_": null,
                "_PctRespBest_": null,
                "_Gain_": null,
                "_CumLift_": null,
                "_Event_": null,
                "_TargetName_": null,
                "_PctResp_": null,
                "_GainBest_": null,
                "_CumLiftBest_": null,
                "_Lift_": null,
                "_CumPctResp_": null,
                "_NEventsBest_": null,
                "_CumPctRespBest_": null,
                "_Value_": null,
                "_NEvents_": null,
                "_LiftBest_": null,
                "_PartInd_": "0",
                "_Resp_": null
            },
            "rowNumber": 4
        },
        {
            "dataMap": {
                "_NObs_": null,
                "_Depth_": null,
                "_CumRespBest_": null,
                "_formattedPartition_": "           0",
                "_column_": "predict",
                "_RespBest_": null,
                "_DataRole_": "VALIDATE",
                "_CumResp_": null,
                "_PctRespBest_": null,
                "_Gain_": null,
                "_CumLift_": null,
                "_Event_": null,
                "_TargetName_": null,
                "_PctResp_": null,
                "_GainBest_": null,
                "_CumLiftBest_": null,
                "_Lift_": null,
                "_CumPctResp_": null,
                "_NEventsBest_": null,
                "_CumPctRespBest_": null,
                "_Value_": null,
                "_NEvents_": null,
                "_LiftBest_": null,
                "_PartInd_": "0",
                "_Resp_": null
            },
            "rowNumber": 5
        },
        {
            "dataMap": {
                "_NObs_": null,
                "_Depth_": null,
                "_CumRespBest_": null,
                "_formattedPartition_": "           0",
                "_column_": "predict",
                "_RespBest_": null,
                "_DataRole_": "VALIDATE",
                "_CumResp_": null,
                "_PctRespBest_": null,
                "_Gain_": null,
                "_CumLift_": null,
                "_Event_": null,
                "_TargetName_": null,
                "_PctResp_": null,
                "_GainBest_": null,
                "_CumLiftBest_": null,
                "_Lift_": null,
                "_CumPctResp_": null,
                "_NEventsBest_": null,
                "_CumPctRespBest_": null,
                "_Value_": null,
                "_NEvents_": null,
                "_LiftBest_": null,
                "_PartInd_": "0",
                "_Resp_": null
            },
            "rowNumber": 6
        },
        {
            "dataMap": {
                "_NObs_": null,
                "_Depth_": null,
                "_CumRespBest_": null,
                "_formattedPartition_": "           0",
                "_column_": "predict",
                "_RespBest_": null,
                "_DataRole_": "VALIDATE",
                "_CumResp_": null,
                "_PctRespBest_": null,
                "_Gain_": null,
                "_CumLift_": null,
                "_Event_": null,
                "_TargetName_": null,
                "_PctResp_": null,
                "_GainBest_": null,
                "_CumLiftBest_": null,
                "_Lift_": null,
                "_CumPctResp_": null,
                "_NEventsBest_": null,
                "_CumPctRespBest_": null,
                "_Value_": null,
                "_NEvents_": null,
                "_LiftBest_": null,
                "_PartInd_": "0",
                "_Resp_": null
            },
            "rowNumber": 7
        },
        {
            "dataMap": {
                "_NObs_": null,
                "_Depth_": null,
                "_CumRespBest_": null,
                "_formattedPartition_": "           0",
                "_column_": "predict",
                "_RespBest_": null,
                "_DataRole_": "VALIDATE",
                "_CumResp_": null,
                "_PctRespBest_": null,
                "_Gain_": null,
                "_CumLift_": null,
                "_Event_": null,
                "_TargetName_": null,
                "_PctResp_": null,
                "_GainBest_": null,
                "_CumLiftBest_": null,
                "_Lift_": null,
                "_CumPctResp_": null,
                "_NEventsBest_": null,
                "_CumPctRespBest_": null,
                "_Value_": null,
                "_NEvents_": null,
                "_LiftBest_": null,
                "_PartInd_": "0",
                "_Resp_": null
            },
            "rowNumber": 8
        },
        {
            "dataMap": {
                "_NObs_": null,
                "_Depth_": null,
                "_CumRespBest_": null,
                "_formattedPartition_": "           0",
                "_column_": "predict",
                "_RespBest_": null,
                "_DataRole_": "VALIDATE",
                "_CumResp_": null,
                "_PctRespBest_": null,
                "_Gain_": null,
                "_CumLift_": null,
                "_Event_": null,
                "_TargetName_": null,
                "_PctResp_": null,
                "_GainBest_": null,
                "_CumLiftBest_": null,
                "_Lift_": null,
                "_CumPctResp_": null,
                "_NEventsBest_": null,
                "_CumPctRespBest_": null,
                "_Value_": null,
                "_NEvents_": null,
                "_LiftBest_": null,
                "_PartInd_": "0",
                "_Resp_": null
            },
            "rowNumber": 9
        },
        {
            "dataMap": {
                "_NObs_": null,
                "_Depth_": null,
                "_CumRespBest_": null,
                "_formattedPartition_": "           0",
                "_column_": "predict",
                "_RespBest_": null,
                "_DataRole_": "VALIDATE",
                "_CumResp_": null,
                "_PctRespBest_": null,
                "_Gain_": null,
                "_CumLift_": null,
                "_Event_": null,
                "_TargetName_": null,
                "_PctResp_": null,
                "_GainBest_": null,
                "_CumLiftBest_": null,
                "_Lift_": null,
                "_CumPctResp_": null,
                "_NEventsBest_": null,
                "_CumPctRespBest_": null,
                "_Value_": null,
                "_NEvents_": null,
                "_LiftBest_": null,
                "_PartInd_": "0",
                "_Resp_": null
            },
            "rowNumber": 10
        },
        {
            "dataMap": {
                "_NObs_": null,
                "_Depth_": null,
                "_CumRespBest_": null,
                "_formattedPartition_": "           0",
                "_column_": "predict",
                "_RespBest_": null,
                "_DataRole_": "VALIDATE",
                "_CumResp_": null,
                "_PctRespBest_": null,
                "_Gain_": null,
                "_CumLift_": null,
                "_Event_": null,
                "_TargetName_": null,
                "_PctResp_": null,
                "_GainBest_": null,
                "_CumLiftBest_": null,
                "_Lift_": null,
                "_CumPctResp_": null,
                "_NEventsBest_": null,
                "_CumPctRespBest_": null,
                "_Value_": null,
                "_NEvents_": null,
                "_LiftBest_": null,
                "_PartInd_": "0",
                "_Resp_": null
            },
            "rowNumber": 11
        },
        {
            "dataMap": {
                "_NObs_": null,
                "_Depth_": null,
                "_CumRespBest_": null,
                "_formattedPartition_": "           0",
                "_column_": "predict",
                "_RespBest_": null,
                "_DataRole_": "VALIDATE",
                "_CumResp_": null,
                "_PctRespBest_": null,
                "_Gain_": null,
                "_CumLift_": null,
                "_Event_": null,
                "_TargetName_": null,
                "_PctResp_": null,
                "_GainBest_": null,
                "_CumLiftBest_": null,
                "_Lift_": null,
                "_CumPctResp_": null,
                "_NEventsBest_": null,
                "_CumPctRespBest_": null,
                "_Value_": null,
                "_NEvents_": null,
                "_LiftBest_": null,
                "_PartInd_": "0",
                "_Resp_": null
            },
            "rowNumber": 12
        },
        {
            "dataMap": {
                "_NObs_": null,
                "_Depth_": null,
                "_CumRespBest_": null,
                "_formattedPartition_": "           0",
                "_column_": "predict",
                "_RespBest_": null,
                "_DataRole_": "VALIDATE",
                "_CumResp_": null,
                "_PctRespBest_": null,
                "_Gain_": null,
                "_CumLift_": null,
                "_Event_": null,
                "_TargetName_": null,
                "_PctResp_": null,
                "_GainBest_": null,
                "_CumLiftBest_": null,
                "_Lift_": null,
                "_CumPctResp_": null,
                "_NEventsBest_": null,
                "_CumPctRespBest_": null,
                "_Value_": null,
                "_NEvents_": null,
                "_LiftBest_": null,
                "_PartInd_": "0",
                "_Resp_": null
            },
            "rowNumber": 13
        },
        {
            "dataMap": {
                "_NObs_": null,
                "_Depth_": null,
                "_CumRespBest_": null,
                "_formattedPartition_": "           0",
                "_column_": "predict",
                "_RespBest_": null,
                "_DataRole_": "VALIDATE",
                "_CumResp_": null,
                "_PctRespBest_": null,
                "_Gain_": null,
                "_CumLift_": null,
                "_Event_": null,
                "_TargetName_": null,
                "_PctResp_": null,
                "_GainBest_": null,
                "_CumLiftBest_": null,
                "_Lift_": null,
                "_CumPctResp_": null,
                "_NEventsBest_": null,
                "_CumPctRespBest_": null,
                "_Value_": null,
                "_NEvents_": null,
                "_LiftBest_": null,
                "_PartInd_": "0",
                "_Resp_": null
            },
            "rowNumber": 14
        },
        {
            "dataMap": {
                "_NObs_": null,
                "_Depth_": null,
                "_CumRespBest_": null,
                "_formattedPartition_": "           0",
                "_column_": "predict",
                "_RespBest_": null,
                "_DataRole_": "VALIDATE",
                "_CumResp_": null,
                "_PctRespBest_": null,
                "_Gain_": null,
                "_CumLift_": null,
                "_Event_": null,
                "_TargetName_": null,
                "_PctResp_": null,
                "_GainBest_": null,
                "_CumLiftBest_": null,
                "_Lift_": null,
                "_CumPctResp_": null,
                "_NEventsBest_": null,
                "_CumPctRespBest_": null,
                "_Value_": null,
                "_NEvents_": null,
                "_LiftBest_": null,
                "_PartInd_": "0",
                "_Resp_": null
            },
            "rowNumber": 15
        },
        {
            "dataMap": {
                "_NObs_": null,
                "_Depth_": null,
                "_CumRespBest_": null,
                "_formattedPartition_": "           0",
                "_column_": "predict",
                "_RespBest_": null,
                "_DataRole_": "VALIDATE",
                "_CumResp_": null,
                "_PctRespBest_": null,
                "_Gain_": null,
                "_CumLift_": null,
                "_Event_": null,
                "_TargetName_": null,
                "_PctResp_": null,
                "_GainBest_": null,
                "_CumLiftBest_": null,
                "_Lift_": null,
                "_CumPctResp_": null,
                "_NEventsBest_": null,
                "_CumPctRespBest_": null,
                "_Value_": null,
                "_NEvents_": null,
                "_LiftBest_": null,
                "_PartInd_": "0",
                "_Resp_": null
            },
            "rowNumber": 16
        },
        {
            "dataMap": {
                "_NObs_": null,
                "_Depth_": null,
                "_CumRespBest_": null,
                "_formattedPartition_": "           0",
                "_column_": "predict",
                "_RespBest_": null,
                "_DataRole_": "VALIDATE",
                "_CumResp_": null,
                "_PctRespBest_": null,
                "_Gain_": null,
                "_CumLift_": null,
                "_Event_": null,
                "_TargetName_": null,
                "_PctResp_": null,
                "_GainBest_": null,
                "_CumLiftBest_": null,
                "_Lift_": null,
                "_CumPctResp_": null,
                "_NEventsBest_": null,
                "_CumPctRespBest_": null,
                "_Value_": null,
                "_NEvents_": null,
                "_LiftBest_": null,
                "_PartInd_": "0",
                "_Resp_": null
            },
            "rowNumber": 17
        },
        {
            "dataMap": {
                "_NObs_": null,
                "_Depth_": null,
                "_CumRespBest_": null,
                "_formattedPartition_": "           0",
                "_column_": "predict",
                "_RespBest_": null,
                "_DataRole_": "VALIDATE",
                "_CumResp_": null,
                "_PctRespBest_": null,
                "_Gain_": null,
                "_CumLift_": null,
                "_Event_": null,
                "_TargetName_": null,
                "_PctResp_": null,
                "_GainBest_": null,
                "_CumLiftBest_": null,
                "_Lift_": null,
                "_CumPctResp_": null,
                "_NEventsBest_": null,
                "_CumPctRespBest_": null,
                "_Value_": null,
                "_NEvents_": null,
                "_LiftBest_": null,
                "_PartInd_": "0",
                "_Resp_": null
            },
            "rowNumber": 18
        },
        {
            "dataMap": {
                "_NObs_": null,
                "_Depth_": null,
                "_CumRespBest_": null,
                "_formattedPartition_": "           0",
                "_column_": "predict",
                "_RespBest_": null,
                "_DataRole_": "VALIDATE",
                "_CumResp_": null,
                "_PctRespBest_": null,
                "_Gain_": null,
                "_CumLift_": null,
                "_Event_": null,
                "_TargetName_": null,
                "_PctResp_": null,
                "_GainBest_": null,
                "_CumLiftBest_": null,
                "_Lift_": null,
                "_CumPctResp_": null,
                "_NEventsBest_": null,
                "_CumPctRespBest_": null,
                "_Value_": null,
                "_NEvents_": null,
                "_LiftBest_": null,
                "_PartInd_": "0",
                "_Resp_": null
            },
            "rowNumber": 19
        },
        {
            "dataMap": {
                "_NObs_": null,
                "_Depth_": null,
                "_CumRespBest_": null,
                "_formattedPartition_": "           0",
                "_column_": "predict",
                "_RespBest_": null,
                "_DataRole_": "VALIDATE",
                "_CumResp_": null,
                "_PctRespBest_": null,
                "_Gain_": null,
                "_CumLift_": null,
                "_Event_": null,
                "_TargetName_": null,
                "_PctResp_": null,
                "_GainBest_": null,
                "_CumLiftBest_": null,
                "_Lift_": null,
                "_CumPctResp_": null,
                "_NEventsBest_": null,
                "_CumPctRespBest_": null,
                "_Value_": null,
                "_NEvents_": null,
                "_LiftBest_": null,
                "_PartInd_": "0",
                "_Resp_": null
            },
            "rowNumber": 20
        },
        {
            "dataMap": {
                "_NObs_": null,
                "_Depth_": null,
                "_CumRespBest_": null,
                "_formattedPartition_": "           0",
                "_column_": "predict",
                "_RespBest_": null,
                "_DataRole_": "VALIDATE",
                "_CumResp_": null,
                "_PctRespBest_": null,
                "_Gain_": null,
                "_CumLift_": null,
                "_Event_": null,
                "_TargetName_": null,
                "_PctResp_": null,
                "_GainBest_": null,
                "_CumLiftBest_": null,
                "_Lift_": null,
                "_CumPctResp_": null,
                "_NEventsBest_": null,
                "_CumPctRespBest_": null,
                "_Value_": null,
                "_NEvents_": null,
                "_LiftBest_": null,
                "_PartInd_": "0",
                "_Resp_": null
            },
            "rowNumber": 21
        },
        {
            "dataMap": {
                "_NObs_": "0",
                "_Depth_": "0",
                "_CumRespBest_": "0",
                "_formattedPartition_": "           1",
                "_column_": "predict",
                "_RespBest_": "0",
                "_DataRole_": "TRAIN",
                "_CumResp_": "0",
                "_Event_": null,
                "_TargetName_": null,
                "_NEventsBest_": "0",
                "_Value_": "0",
                "_NEvents_": "0",
                "_PartInd_": "1",
                "_Resp_": "0"
            },
            "rowNumber": 22
        },
        {
            "dataMap": {
                "_NObs_": 209.0,
                "_Depth_": 5.0,
                "_CumRespBest_": 0.0,
                "_formattedPartition_": "           1",
                "_column_": "predict",
                "_RespBest_": 0.0,
                "_DataRole_": "TRAIN",
                "_CumResp_": 0.0,
                "_PctRespBest_": 0.0,
                "_Gain_": 0.0,
                "_CumLift_": 0.0,
                "_Event_": "1",
                "_TargetName_": null,
                "_PctResp_": 0.0,
                "_GainBest_": 0.0,
                "_CumLiftBest_": 0.0,
                "_Lift_": 0.0,
                "_CumPctResp_": 0.0,
                "_NEventsBest_": 0.0,
                "_CumPctRespBest_": 0.0,
                "_Value_": 1.0,
                "_NEvents_": 0.0,
                "_LiftBest_": 0.0,
                "_PartInd_": "1",
                "_Resp_": 0.0,
                "_Column_": "actual"
            },
            "rowNumber": 23
        },
        {
            "dataMap": {
                "_NObs_": 209.0,
                "_Depth_": 10.0,
                "_CumRespBest_": 0.0,
                "_formattedPartition_": "           1",
                "_column_": "predict",
                "_RespBest_": 0.0,
                "_DataRole_": "TRAIN",
                "_CumResp_": 0.0,
                "_PctRespBest_": 0.0,
                "_Gain_": 0.0,
                "_CumLift_": 0.0,
                "_Event_": "1",
                "_TargetName_": null,
                "_PctResp_": 0.0,
                "_GainBest_": 0.0,
                "_CumLiftBest_": 0.0,
                "_Lift_": 0.0,
                "_CumPctResp_": 0.0,
                "_NEventsBest_": 0.0,
                "_CumPctRespBest_": 0.0,
                "_Value_": 1.0,
                "_NEvents_": 0.0,
                "_LiftBest_": 0.0,
                "_PartInd_": "1",
                "_Resp_": 0.0,
                "_Column_": "actual"
            },
            "rowNumber": 24
        },
        {
            "dataMap": {
                "_NObs_": 209.0,
                "_Depth_": 15.0,
                "_CumRespBest_": 0.0,
                "_formattedPartition_": "           1",
                "_column_": "predict",
                "_RespBest_": 0.0,
                "_DataRole_": "TRAIN",
                "_CumResp_": 0.0,
                "_PctRespBest_": 0.0,
                "_Gain_": 0.0,
                "_CumLift_": 0.0,
                "_Event_": "1",
                "_TargetName_": null,
                "_PctResp_": 0.0,
                "_GainBest_": 0.0,
                "_CumLiftBest_": 0.0,
                "_Lift_": 0.0,
                "_CumPctResp_": 0.0,
                "_NEventsBest_": 0.0,
                "_CumPctRespBest_": 0.0,
                "_Value_": 1.0,
                "_NEvents_": 0.0,
                "_LiftBest_": 0.0,
                "_PartInd_": "1",
                "_Resp_": 0.0,
                "_Column_": "actual"
            },
            "rowNumber": 25
        },
        {
            "dataMap": {
                "_NObs_": 209.0,
                "_Depth_": 20.0,
                "_CumRespBest_": 0.0,
                "_formattedPartition_": "           1",
                "_column_": "predict",
                "_RespBest_": 0.0,
                "_DataRole_": "TRAIN",
                "_CumResp_": 0.0,
                "_PctRespBest_": 0.0,
                "_Gain_": 0.0,
                "_CumLift_": 0.0,
                "_Event_": "1",
                "_TargetName_": null,
                "_PctResp_": 0.0,
                "_GainBest_": 0.0,
                "_CumLiftBest_": 0.0,
                "_Lift_": 0.0,
                "_CumPctResp_": 0.0,
                "_NEventsBest_": 0.0,
                "_CumPctRespBest_": 0.0,
                "_Value_": 0.0,
                "_NEvents_": 0.0,
                "_LiftBest_": 0.0,
                "_PartInd_": "1",
                "_Resp_": 0.0,
                "_Column_": "actual"
            },
            "rowNumber": 26
        },
        {
            "dataMap": {
                "_NObs_": 209.0,
                "_Depth_": 25.0,
                "_CumRespBest_": 0.0,
                "_formattedPartition_": "           1",
                "_column_": "predict",
                "_RespBest_": 0.0,
                "_DataRole_": "TRAIN",
                "_CumResp_": 0.0,
                "_PctRespBest_": 0.0,
                "_Gain_": 0.0,
                "_CumLift_": 0.0,
                "_Event_": "1",
                "_TargetName_": null,
                "_PctResp_": 0.0,
                "_GainBest_": 0.0,
                "_CumLiftBest_": 0.0,
                "_Lift_": 0.0,
                "_CumPctResp_": 0.0,
                "_NEventsBest_": 0.0,
                "_CumPctRespBest_": 0.0,
                "_Value_": 0.0,
                "_NEvents_": 0.0,
                "_LiftBest_": 0.0,
                "_PartInd_": "1",
                "_Resp_": 0.0,
                "_Column_": "actual"
            },
            "rowNumber": 27
        },
        {
            "dataMap": {
                "_NObs_": 209.0,
                "_Depth_": 30.0,
                "_CumRespBest_": 0.0,
                "_formattedPartition_": "           1",
                "_column_": "predict",
                "_RespBest_": 0.0,
                "_DataRole_": "TRAIN",
                "_CumResp_": 0.0,
                "_PctRespBest_": 0.0,
                "_Gain_": 0.0,
                "_CumLift_": 0.0,
                "_Event_": "1",
                "_TargetName_": null,
                "_PctResp_": 0.0,
                "_GainBest_": 0.0,
                "_CumLiftBest_": 0.0,
                "_Lift_": 0.0,
                "_CumPctResp_": 0.0,
                "_NEventsBest_": 0.0,
                "_CumPctRespBest_": 0.0,
                "_Value_": 0.0,
                "_NEvents_": 0.0,
                "_LiftBest_": 0.0,
                "_PartInd_": "1",
                "_Resp_": 0.0,
                "_Column_": "actual"
            },
            "rowNumber": 28
        },
        {
            "dataMap": {
                "_NObs_": 209.0,
                "_Depth_": 35.0,
                "_CumRespBest_": 0.0,
                "_formattedPartition_": "           1",
                "_column_": "predict",
                "_RespBest_": 0.0,
                "_DataRole_": "TRAIN",
                "_CumResp_": 0.0,
                "_PctRespBest_": 0.0,
                "_Gain_": 0.0,
                "_CumLift_": 0.0,
                "_Event_": "1",
                "_TargetName_": null,
                "_PctResp_": 0.0,
                "_GainBest_": 0.0,
                "_CumLiftBest_": 0.0,
                "_Lift_": 0.0,
                "_CumPctResp_": 0.0,
                "_NEventsBest_": 0.0,
                "_CumPctRespBest_": 0.0,
                "_Value_": 0.0,
                "_NEvents_": 0.0,
                "_LiftBest_": 0.0,
                "_PartInd_": "1",
                "_Resp_": 0.0,
                "_Column_": "actual"
            },
            "rowNumber": 29
        },
        {
            "dataMap": {
                "_NObs_": 209.0,
                "_Depth_": 40.0,
                "_CumRespBest_": 0.0,
                "_formattedPartition_": "           1",
                "_column_": "predict",
                "_RespBest_": 0.0,
                "_DataRole_": "TRAIN",
                "_CumResp_": 0.0,
                "_PctRespBest_": 0.0,
                "_Gain_": 0.0,
                "_CumLift_": 0.0,
                "_Event_": "1",
                "_TargetName_": null,
                "_PctResp_": 0.0,
                "_GainBest_": 0.0,
                "_CumLiftBest_": 0.0,
                "_Lift_": 0.0,
                "_CumPctResp_": 0.0,
                "_NEventsBest_": 0.0,
                "_CumPctRespBest_": 0.0,
                "_Value_": 0.0,
                "_NEvents_": 0.0,
                "_LiftBest_": 0.0,
                "_PartInd_": "1",
                "_Resp_": 0.0,
                "_Column_": "actual"
            },
            "rowNumber": 30
        },
        {
            "dataMap": {
                "_NObs_": 209.0,
                "_Depth_": 45.0,
                "_CumRespBest_": 0.0,
                "_formattedPartition_": "           1",
                "_column_": "predict",
                "_RespBest_": 0.0,
                "_DataRole_": "TRAIN",
                "_CumResp_": 0.0,
                "_PctRespBest_": 0.0,
                "_Gain_": 0.0,
                "_CumLift_": 0.0,
                "_Event_": "1",
                "_TargetName_": null,
                "_PctResp_": 0.0,
                "_GainBest_": 0.0,
                "_CumLiftBest_": 0.0,
                "_Lift_": 0.0,
                "_CumPctResp_": 0.0,
                "_NEventsBest_": 0.0,
                "_CumPctRespBest_": 0.0,
                "_Value_": 0.0,
                "_NEvents_": 0.0,
                "_LiftBest_": 0.0,
                "_PartInd_": "1",
                "_Resp_": 0.0,
                "_Column_": "actual"
            },
            "rowNumber": 31
        },
        {
            "dataMap": {
                "_NObs_": 209.0,
                "_Depth_": 50.0,
                "_CumRespBest_": 0.0,
                "_formattedPartition_": "           1",
                "_column_": "predict",
                "_RespBest_": 0.0,
                "_DataRole_": "TRAIN",
                "_CumResp_": 0.0,
                "_PctRespBest_": 0.0,
                "_Gain_": 0.0,
                "_CumLift_": 0.0,
                "_Event_": "1",
                "_TargetName_": null,
                "_PctResp_": 0.0,
                "_GainBest_": 0.0,
                "_CumLiftBest_": 0.0,
                "_Lift_": 0.0,
                "_CumPctResp_": 0.0,
                "_NEventsBest_": 0.0,
                "_CumPctRespBest_": 0.0,
                "_Value_": 0.0,
                "_NEvents_": 0.0,
                "_LiftBest_": 0.0,
                "_PartInd_": "1",
                "_Resp_": 0.0,
                "_Column_": "actual"
            },
            "rowNumber": 32
        },
        {
            "dataMap": {
                "_NObs_": 209.0,
                "_Depth_": 55.0,
                "_CumRespBest_": 0.0,
                "_formattedPartition_": "           1",
                "_column_": "predict",
                "_RespBest_": 0.0,
                "_DataRole_": "TRAIN",
                "_CumResp_": 0.0,
                "_PctRespBest_": 0.0,
                "_Gain_": 0.0,
                "_CumLift_": 0.0,
                "_Event_": "1",
                "_TargetName_": null,
                "_PctResp_": 0.0,
                "_GainBest_": 0.0,
                "_CumLiftBest_": 0.0,
                "_Lift_": 0.0,
                "_CumPctResp_": 0.0,
                "_NEventsBest_": 0.0,
                "_CumPctRespBest_": 0.0,
                "_Value_": 0.0,
                "_NEvents_": 0.0,
                "_LiftBest_": 0.0,
                "_PartInd_": "1",
                "_Resp_": 0.0,
                "_Column_": "actual"
            },
            "rowNumber": 33
        },
        {
            "dataMap": {
                "_NObs_": 209.0,
                "_Depth_": 60.0,
                "_CumRespBest_": 0.0,
                "_formattedPartition_": "           1",
                "_column_": "predict",
                "_RespBest_": 0.0,
                "_DataRole_": "TRAIN",
                "_CumResp_": 0.0,
                "_PctRespBest_": 0.0,
                "_Gain_": 0.0,
                "_CumLift_": 0.0,
                "_Event_": "1",
                "_TargetName_": null,
                "_PctResp_": 0.0,
                "_GainBest_": 0.0,
                "_CumLiftBest_": 0.0,
                "_Lift_": 0.0,
                "_CumPctResp_": 0.0,
                "_NEventsBest_": 0.0,
                "_CumPctRespBest_": 0.0,
                "_Value_": 0.0,
                "_NEvents_": 0.0,
                "_LiftBest_": 0.0,
                "_PartInd_": "1",
                "_Resp_": 0.0,
                "_Column_": "actual"
            },
            "rowNumber": 34
        },
        {
            "dataMap": {
                "_NObs_": 209.0,
                "_Depth_": 65.0,
                "_CumRespBest_": 0.0,
                "_formattedPartition_": "           1",
                "_column_": "predict",
                "_RespBest_": 0.0,
                "_DataRole_": "TRAIN",
                "_CumResp_": 0.0,
                "_PctRespBest_": 0.0,
                "_Gain_": 0.0,
                "_CumLift_": 0.0,
                "_Event_": "1",
                "_TargetName_": null,
                "_PctResp_": 0.0,
                "_GainBest_": 0.0,
                "_CumLiftBest_": 0.0,
                "_Lift_": 0.0,
                "_CumPctResp_": 0.0,
                "_NEventsBest_": 0.0,
                "_CumPctRespBest_": 0.0,
                "_Value_": 0.0,
                "_NEvents_": 0.0,
                "_LiftBest_": 0.0,
                "_PartInd_": "1",
                "_Resp_": 0.0,
                "_Column_": "actual"
            },
            "rowNumber": 35
        },
        {
            "dataMap": {
                "_NObs_": 209.0,
                "_Depth_": 70.0,
                "_CumRespBest_": 0.0,
                "_formattedPartition_": "           1",
                "_column_": "predict",
                "_RespBest_": 0.0,
                "_DataRole_": "TRAIN",
                "_CumResp_": 0.0,
                "_PctRespBest_": 0.0,
                "_Gain_": 0.0,
                "_CumLift_": 0.0,
                "_Event_": "1",
                "_TargetName_": null,
                "_PctResp_": 0.0,
                "_GainBest_": 0.0,
                "_CumLiftBest_": 0.0,
                "_Lift_": 0.0,
                "_CumPctResp_": 0.0,
                "_NEventsBest_": 0.0,
                "_CumPctRespBest_": 0.0,
                "_Value_": 0.0,
                "_NEvents_": 0.0,
                "_LiftBest_": 0.0,
                "_PartInd_": "1",
                "_Resp_": 0.0,
                "_Column_": "actual"
            },
            "rowNumber": 36
        },
        {
            "dataMap": {
                "_NObs_": 209.0,
                "_Depth_": 75.0,
                "_CumRespBest_": 0.0,
                "_formattedPartition_": "           1",
                "_column_": "predict",
                "_RespBest_": 0.0,
                "_DataRole_": "TRAIN",
                "_CumResp_": 0.0,
                "_PctRespBest_": 0.0,
                "_Gain_": 0.0,
                "_CumLift_": 0.0,
                "_Event_": "1",
                "_TargetName_": null,
                "_PctResp_": 0.0,
                "_GainBest_": 0.0,
                "_CumLiftBest_": 0.0,
                "_Lift_": 0.0,
                "_CumPctResp_": 0.0,
                "_NEventsBest_": 0.0,
                "_CumPctRespBest_": 0.0,
                "_Value_": 0.0,
                "_NEvents_": 0.0,
                "_LiftBest_": 0.0,
                "_PartInd_": "1",
                "_Resp_": 0.0,
                "_Column_": "actual"
            },
            "rowNumber": 37
        },
        {
            "dataMap": {
                "_NObs_": 209.0,
                "_Depth_": 80.0,
                "_CumRespBest_": 0.0,
                "_formattedPartition_": "           1",
                "_column_": "predict",
                "_RespBest_": 0.0,
                "_DataRole_": "TRAIN",
                "_CumResp_": 0.0,
                "_PctRespBest_": 0.0,
                "_Gain_": 0.0,
                "_CumLift_": 0.0,
                "_Event_": "1",
                "_TargetName_": null,
                "_PctResp_": 0.0,
                "_GainBest_": 0.0,
                "_CumLiftBest_": 0.0,
                "_Lift_": 0.0,
                "_CumPctResp_": 0.0,
                "_NEventsBest_": 0.0,
                "_CumPctRespBest_": 0.0,
                "_Value_": 0.0,
                "_NEvents_": 0.0,
                "_LiftBest_": 0.0,
                "_PartInd_": "1",
                "_Resp_": 0.0,
                "_Column_": "actual"
            },
            "rowNumber": 38
        },
        {
            "dataMap": {
                "_NObs_": 209.0,
                "_Depth_": 85.0,
                "_CumRespBest_": 0.0,
                "_formattedPartition_": "           1",
                "_column_": "predict",
                "_RespBest_": 0.0,
                "_DataRole_": "TRAIN",
                "_CumResp_": 0.0,
                "_PctRespBest_": 0.0,
                "_Gain_": 0.0,
                "_CumLift_": 0.0,
                "_Event_": "1",
                "_TargetName_": null,
                "_PctResp_": 0.0,
                "_GainBest_": 0.0,
                "_CumLiftBest_": 0.0,
                "_Lift_": 0.0,
                "_CumPctResp_": 0.0,
                "_NEventsBest_": 0.0,
                "_CumPctRespBest_": 0.0,
                "_Value_": 0.0,
                "_NEvents_": 0.0,
                "_LiftBest_": 0.0,
                "_PartInd_": "1",
                "_Resp_": 0.0,
                "_Column_": "actual"
            },
            "rowNumber": 39
        },
        {
            "dataMap": {
                "_NObs_": 209.0,
                "_Depth_": 90.0,
                "_CumRespBest_": 0.0,
                "_formattedPartition_": "           1",
                "_column_": "predict",
                "_RespBest_": 0.0,
                "_DataRole_": "TRAIN",
                "_CumResp_": 0.0,
                "_PctRespBest_": 0.0,
                "_Gain_": 0.0,
                "_CumLift_": 0.0,
                "_Event_": "1",
                "_TargetName_": null,
                "_PctResp_": 0.0,
                "_GainBest_": 0.0,
                "_CumLiftBest_": 0.0,
                "_Lift_": 0.0,
                "_CumPctResp_": 0.0,
                "_NEventsBest_": 0.0,
                "_CumPctRespBest_": 0.0,
                "_Value_": 0.0,
                "_NEvents_": 0.0,
                "_LiftBest_": 0.0,
                "_PartInd_": "1",
                "_Resp_": 0.0,
                "_Column_": "actual"
            },
            "rowNumber": 40
        },
        {
            "dataMap": {
                "_NObs_": 209.0,
                "_Depth_": 95.0,
                "_CumRespBest_": 0.0,
                "_formattedPartition_": "           1",
                "_column_": "predict",
                "_RespBest_": 0.0,
                "_DataRole_": "TRAIN",
                "_CumResp_": 0.0,
                "_PctRespBest_": 0.0,
                "_Gain_": 0.0,
                "_CumLift_": 0.0,
                "_Event_": "1",
                "_TargetName_": null,
                "_PctResp_": 0.0,
                "_GainBest_": 0.0,
                "_CumLiftBest_": 0.0,
                "_Lift_": 0.0,
                "_CumPctResp_": 0.0,
                "_NEventsBest_": 0.0,
                "_CumPctRespBest_": 0.0,
                "_Value_": 0.0,
                "_NEvents_": 0.0,
                "_LiftBest_": 0.0,
                "_PartInd_": "1",
                "_Resp_": 0.0,
                "_Column_": "actual"
            },
            "rowNumber": 41
        },
        {
            "dataMap": {
                "_NObs_": 201.0,
                "_Depth_": 100.0,
                "_CumRespBest_": 0.0,
                "_formattedPartition_": "           1",
                "_column_": "predict",
                "_RespBest_": 0.0,
                "_DataRole_": "TRAIN",
                "_CumResp_": 0.0,
                "_PctRespBest_": 0.0,
                "_Gain_": 0.0,
                "_CumLift_": 0.0,
                "_Event_": "1",
                "_TargetName_": null,
                "_PctResp_": 0.0,
                "_GainBest_": 0.0,
                "_CumLiftBest_": 0.0,
                "_Lift_": 0.0,
                "_CumPctResp_": 0.0,
                "_NEventsBest_": 0.0,
                "_CumPctRespBest_": 0.0,
                "_Value_": 0.0,
                "_NEvents_": 0.0,
                "_LiftBest_": 0.0,
                "_PartInd_": "1",
                "_Resp_": 0.0,
                "_Column_": "actual"
            },
            "rowNumber": 42
        },
        {
            "dataMap": {
                "_NObs_": "0",
                "_Depth_": "0",
                "_CumRespBest_": "0",
                "_formattedPartition_": "           2",
                "_column_": "predict",
                "_RespBest_": "0",
                "_DataRole_": "TEST",
                "_CumResp_": "0",
                "_Event_": null,
                "_TargetName_": null,
                "_NEventsBest_": "0",
                "_Value_": "0",
                "_NEvents_": "0",
                "_PartInd_": "2",
                "_Resp_": "0"
            },
            "rowNumber": 43
        },
        {
            "dataMap": {
                "_NObs_": 90.0,
                "_Depth_": 5.0,
                "_CumRespBest_": 0.0,
                "_formattedPartition_": "           2",
                "_column_": "predict",
                "_RespBest_": 0.0,
                "_DataRole_": "TEST",
                "_CumResp_": 0.0,
                "_PctRespBest_": 0.0,
                "_Gain_": 0.0,
                "_CumLift_": 0.0,
                "_Event_": "1",
                "_TargetName_": null,
                "_PctResp_": 0.0,
                "_GainBest_": 0.0,
                "_CumLiftBest_": 0.0,
                "_Lift_": 0.0,
                "_CumPctResp_": 0.0,
                "_NEventsBest_": 0.0,
                "_CumPctRespBest_": 0.0,
                "_Value_": 1.0,
                "_NEvents_": 0.0,
                "_LiftBest_": 0.0,
                "_PartInd_": "2",
                "_Resp_": 0.0,
                "_Column_": "actual"
            },
            "rowNumber": 44
        },
        {
            "dataMap": {
                "_NObs_": 90.0,
                "_Depth_": 10.0,
                "_CumRespBest_": 0.0,
                "_formattedPartition_": "           2",
                "_column_": "predict",
                "_RespBest_": 0.0,
                "_DataRole_": "TEST",
                "_CumResp_": 0.0,
                "_PctRespBest_": 0.0,
                "_Gain_": 0.0,
                "_CumLift_": 0.0,
                "_Event_": "1",
                "_TargetName_": null,
                "_PctResp_": 0.0,
                "_GainBest_": 0.0,
                "_CumLiftBest_": 0.0,
                "_Lift_": 0.0,
                "_CumPctResp_": 0.0,
                "_NEventsBest_": 0.0,
                "_CumPctRespBest_": 0.0,
                "_Value_": 1.0,
                "_NEvents_": 0.0,
                "_LiftBest_": 0.0,
                "_PartInd_": "2",
                "_Resp_": 0.0,
                "_Column_": "actual"
            },
            "rowNumber": 45
        },
        {
            "dataMap": {
                "_NObs_": 90.0,
                "_Depth_": 15.0,
                "_CumRespBest_": 0.0,
                "_formattedPartition_": "           2",
                "_column_": "predict",
                "_RespBest_": 0.0,
                "_DataRole_": "TEST",
                "_CumResp_": 0.0,
                "_PctRespBest_": 0.0,
                "_Gain_": 0.0,
                "_CumLift_": 0.0,
                "_Event_": "1",
                "_TargetName_": null,
                "_PctResp_": 0.0,
                "_GainBest_": 0.0,
                "_CumLiftBest_": 0.0,
                "_Lift_": 0.0,
                "_CumPctResp_": 0.0,
                "_NEventsBest_": 0.0,
                "_CumPctRespBest_": 0.0,
                "_Value_": 1.0,
                "_NEvents_": 0.0,
                "_LiftBest_": 0.0,
                "_PartInd_": "2",
                "_Resp_": 0.0,
                "_Column_": "actual"
            },
            "rowNumber": 46
        },
        {
            "dataMap": {
                "_NObs_": 90.0,
                "_Depth_": 20.0,
                "_CumRespBest_": 0.0,
                "_formattedPartition_": "           2",
                "_column_": "predict",
                "_RespBest_": 0.0,
                "_DataRole_": "TEST",
                "_CumResp_": 0.0,
                "_PctRespBest_": 0.0,
                "_Gain_": 0.0,
                "_CumLift_": 0.0,
                "_Event_": "1",
                "_TargetName_": null,
                "_PctResp_": 0.0,
                "_GainBest_": 0.0,
                "_CumLiftBest_": 0.0,
                "_Lift_": 0.0,
                "_CumPctResp_": 0.0,
                "_NEventsBest_": 0.0,
                "_CumPctRespBest_": 0.0,
                "_Value_": 0.5,
                "_NEvents_": 0.0,
                "_LiftBest_": 0.0,
                "_PartInd_": "2",
                "_Resp_": 0.0,
                "_Column_": "actual"
            },
            "rowNumber": 47
        },
        {
            "dataMap": {
                "_NObs_": 90.0,
                "_Depth_": 25.0,
                "_CumRespBest_": 0.0,
                "_formattedPartition_": "           2",
                "_column_": "predict",
                "_RespBest_": 0.0,
                "_DataRole_": "TEST",
                "_CumResp_": 0.0,
                "_PctRespBest_": 0.0,
                "_Gain_": 0.0,
                "_CumLift_": 0.0,
                "_Event_": "1",
                "_TargetName_": null,
                "_PctResp_": 0.0,
                "_GainBest_": 0.0,
                "_CumLiftBest_": 0.0,
                "_Lift_": 0.0,
                "_CumPctResp_": 0.0,
                "_NEventsBest_": 0.0,
                "_CumPctRespBest_": 0.0,
                "_Value_": 0.0,
                "_NEvents_": 0.0,
                "_LiftBest_": 0.0,
                "_PartInd_": "2",
                "_Resp_": 0.0,
                "_Column_": "actual"
            },
            "rowNumber": 48
        },
        {
            "dataMap": {
                "_NObs_": 90.0,
                "_Depth_": 30.0,
                "_CumRespBest_": 0.0,
                "_formattedPartition_": "           2",
                "_column_": "predict",
                "_RespBest_": 0.0,
                "_DataRole_": "TEST",
                "_CumResp_": 0.0,
                "_PctRespBest_": 0.0,
                "_Gain_": 0.0,
                "_CumLift_": 0.0,
                "_Event_": "1",
                "_TargetName_": null,
                "_PctResp_": 0.0,
                "_GainBest_": 0.0,
                "_CumLiftBest_": 0.0,
                "_Lift_": 0.0,
                "_CumPctResp_": 0.0,
                "_NEventsBest_": 0.0,
                "_CumPctRespBest_": 0.0,
                "_Value_": 0.0,
                "_NEvents_": 0.0,
                "_LiftBest_": 0.0,
                "_PartInd_": "2",
                "_Resp_": 0.0,
                "_Column_": "actual"
            },
            "rowNumber": 49
        },
        {
            "dataMap": {
                "_NObs_": 90.0,
                "_Depth_": 35.0,
                "_CumRespBest_": 0.0,
                "_formattedPartition_": "           2",
                "_column_": "predict",
                "_RespBest_": 0.0,
                "_DataRole_": "TEST",
                "_CumResp_": 0.0,
                "_PctRespBest_": 0.0,
                "_Gain_": 0.0,
                "_CumLift_": 0.0,
                "_Event_": "1",
                "_TargetName_": null,
                "_PctResp_": 0.0,
                "_GainBest_": 0.0,
                "_CumLiftBest_": 0.0,
                "_Lift_": 0.0,
                "_CumPctResp_": 0.0,
                "_NEventsBest_": 0.0,
                "_CumPctRespBest_": 0.0,
                "_Value_": 0.0,
                "_NEvents_": 0.0,
                "_LiftBest_": 0.0,
                "_PartInd_": "2",
                "_Resp_": 0.0,
                "_Column_": "actual"
            },
            "rowNumber": 50
        },
        {
            "dataMap": {
                "_NObs_": 90.0,
                "_Depth_": 40.0,
                "_CumRespBest_": 0.0,
                "_formattedPartition_": "           2",
                "_column_": "predict",
                "_RespBest_": 0.0,
                "_DataRole_": "TEST",
                "_CumResp_": 0.0,
                "_PctRespBest_": 0.0,
                "_Gain_": 0.0,
                "_CumLift_": 0.0,
                "_Event_": "1",
                "_TargetName_": null,
                "_PctResp_": 0.0,
                "_GainBest_": 0.0,
                "_CumLiftBest_": 0.0,
                "_Lift_": 0.0,
                "_CumPctResp_": 0.0,
                "_NEventsBest_": 0.0,
                "_CumPctRespBest_": 0.0,
                "_Value_": 0.0,
                "_NEvents_": 0.0,
                "_LiftBest_": 0.0,
                "_PartInd_": "2",
                "_Resp_": 0.0,
                "_Column_": "actual"
            },
            "rowNumber": 51
        },
        {
            "dataMap": {
                "_NObs_": 90.0,
                "_Depth_": 45.0,
                "_CumRespBest_": 0.0,
                "_formattedPartition_": "           2",
                "_column_": "predict",
                "_RespBest_": 0.0,
                "_DataRole_": "TEST",
                "_CumResp_": 0.0,
                "_PctRespBest_": 0.0,
                "_Gain_": 0.0,
                "_CumLift_": 0.0,
                "_Event_": "1",
                "_TargetName_": null,
                "_PctResp_": 0.0,
                "_GainBest_": 0.0,
                "_CumLiftBest_": 0.0,
                "_Lift_": 0.0,
                "_CumPctResp_": 0.0,
                "_NEventsBest_": 0.0,
                "_CumPctRespBest_": 0.0,
                "_Value_": 0.0,
                "_NEvents_": 0.0,
                "_LiftBest_": 0.0,
                "_PartInd_": "2",
                "_Resp_": 0.0,
                "_Column_": "actual"
            },
            "rowNumber": 52
        },
        {
            "dataMap": {
                "_NObs_": 90.0,
                "_Depth_": 50.0,
                "_CumRespBest_": 0.0,
                "_formattedPartition_": "           2",
                "_column_": "predict",
                "_RespBest_": 0.0,
                "_DataRole_": "TEST",
                "_CumResp_": 0.0,
                "_PctRespBest_": 0.0,
                "_Gain_": 0.0,
                "_CumLift_": 0.0,
                "_Event_": "1",
                "_TargetName_": null,
                "_PctResp_": 0.0,
                "_GainBest_": 0.0,
                "_CumLiftBest_": 0.0,
                "_Lift_": 0.0,
                "_CumPctResp_": 0.0,
                "_NEventsBest_": 0.0,
                "_CumPctRespBest_": 0.0,
                "_Value_": 0.0,
                "_NEvents_": 0.0,
                "_LiftBest_": 0.0,
                "_PartInd_": "2",
                "_Resp_": 0.0,
                "_Column_": "actual"
            },
            "rowNumber": 53
        },
        {
            "dataMap": {
                "_NObs_": 90.0,
                "_Depth_": 55.0,
                "_CumRespBest_": 0.0,
                "_formattedPartition_": "           2",
                "_column_": "predict",
                "_RespBest_": 0.0,
                "_DataRole_": "TEST",
                "_CumResp_": 0.0,
                "_PctRespBest_": 0.0,
                "_Gain_": 0.0,
                "_CumLift_": 0.0,
                "_Event_": "1",
                "_TargetName_": null,
                "_PctResp_": 0.0,
                "_GainBest_": 0.0,
                "_CumLiftBest_": 0.0,
                "_Lift_": 0.0,
                "_CumPctResp_": 0.0,
                "_NEventsBest_": 0.0,
                "_CumPctRespBest_": 0.0,
                "_Value_": 0.0,
                "_NEvents_": 0.0,
                "_LiftBest_": 0.0,
                "_PartInd_": "2",
                "_Resp_": 0.0,
                "_Column_": "actual"
            },
            "rowNumber": 54
        },
        {
            "dataMap": {
                "_NObs_": 90.0,
                "_Depth_": 60.0,
                "_CumRespBest_": 0.0,
                "_formattedPartition_": "           2",
                "_column_": "predict",
                "_RespBest_": 0.0,
                "_DataRole_": "TEST",
                "_CumResp_": 0.0,
                "_PctRespBest_": 0.0,
                "_Gain_": 0.0,
                "_CumLift_": 0.0,
                "_Event_": "1",
                "_TargetName_": null,
                "_PctResp_": 0.0,
                "_GainBest_": 0.0,
                "_CumLiftBest_": 0.0,
                "_Lift_": 0.0,
                "_CumPctResp_": 0.0,
                "_NEventsBest_": 0.0,
                "_CumPctRespBest_": 0.0,
                "_Value_": 0.0,
                "_NEvents_": 0.0,
                "_LiftBest_": 0.0,
                "_PartInd_": "2",
                "_Resp_": 0.0,
                "_Column_": "actual"
            },
            "rowNumber": 55
        },
        {
            "dataMap": {
                "_NObs_": 90.0,
                "_Depth_": 65.0,
                "_CumRespBest_": 0.0,
                "_formattedPartition_": "           2",
                "_column_": "predict",
                "_RespBest_": 0.0,
                "_DataRole_": "TEST",
                "_CumResp_": 0.0,
                "_PctRespBest_": 0.0,
                "_Gain_": 0.0,
                "_CumLift_": 0.0,
                "_Event_": "1",
                "_TargetName_": null,
                "_PctResp_": 0.0,
                "_GainBest_": 0.0,
                "_CumLiftBest_": 0.0,
                "_Lift_": 0.0,
                "_CumPctResp_": 0.0,
                "_NEventsBest_": 0.0,
                "_CumPctRespBest_": 0.0,
                "_Value_": 0.0,
                "_NEvents_": 0.0,
                "_LiftBest_": 0.0,
                "_PartInd_": "2",
                "_Resp_": 0.0,
                "_Column_": "actual"
            },
            "rowNumber": 56
        },
        {
            "dataMap": {
                "_NObs_": 90.0,
                "_Depth_": 70.0,
                "_CumRespBest_": 0.0,
                "_formattedPartition_": "           2",
                "_column_": "predict",
                "_RespBest_": 0.0,
                "_DataRole_": "TEST",
                "_CumResp_": 0.0,
                "_PctRespBest_": 0.0,
                "_Gain_": 0.0,
                "_CumLift_": 0.0,
                "_Event_": "1",
                "_TargetName_": null,
                "_PctResp_": 0.0,
                "_GainBest_": 0.0,
                "_CumLiftBest_": 0.0,
                "_Lift_": 0.0,
                "_CumPctResp_": 0.0,
                "_NEventsBest_": 0.0,
                "_CumPctRespBest_": 0.0,
                "_Value_": 0.0,
                "_NEvents_": 0.0,
                "_LiftBest_": 0.0,
                "_PartInd_": "2",
                "_Resp_": 0.0,
                "_Column_": "actual"
            },
            "rowNumber": 57
        },
        {
            "dataMap": {
                "_NObs_": 90.0,
                "_Depth_": 75.0,
                "_CumRespBest_": 0.0,
                "_formattedPartition_": "           2",
                "_column_": "predict",
                "_RespBest_": 0.0,
                "_DataRole_": "TEST",
                "_CumResp_": 0.0,
                "_PctRespBest_": 0.0,
                "_Gain_": 0.0,
                "_CumLift_": 0.0,
                "_Event_": "1",
                "_TargetName_": null,
                "_PctResp_": 0.0,
                "_GainBest_": 0.0,
                "_CumLiftBest_": 0.0,
                "_Lift_": 0.0,
                "_CumPctResp_": 0.0,
                "_NEventsBest_": 0.0,
                "_CumPctRespBest_": 0.0,
                "_Value_": 0.0,
                "_NEvents_": 0.0,
                "_LiftBest_": 0.0,
                "_PartInd_": "2",
                "_Resp_": 0.0,
                "_Column_": "actual"
            },
            "rowNumber": 58
        },
        {
            "dataMap": {
                "_NObs_": 90.0,
                "_Depth_": 80.0,
                "_CumRespBest_": 0.0,
                "_formattedPartition_": "           2",
                "_column_": "predict",
                "_RespBest_": 0.0,
                "_DataRole_": "TEST",
                "_CumResp_": 0.0,
                "_PctRespBest_": 0.0,
                "_Gain_": 0.0,
                "_CumLift_": 0.0,
                "_Event_": "1",
                "_TargetName_": null,
                "_PctResp_": 0.0,
                "_GainBest_": 0.0,
                "_CumLiftBest_": 0.0,
                "_Lift_": 0.0,
                "_CumPctResp_": 0.0,
                "_NEventsBest_": 0.0,
                "_CumPctRespBest_": 0.0,
                "_Value_": 0.0,
                "_NEvents_": 0.0,
                "_LiftBest_": 0.0,
                "_PartInd_": "2",
                "_Resp_": 0.0,
                "_Column_": "actual"
            },
            "rowNumber": 59
        },
        {
            "dataMap": {
                "_NObs_": 90.0,
                "_Depth_": 85.0,
                "_CumRespBest_": 0.0,
                "_formattedPartition_": "           2",
                "_column_": "predict",
                "_RespBest_": 0.0,
                "_DataRole_": "TEST",
                "_CumResp_": 0.0,
                "_PctRespBest_": 0.0,
                "_Gain_": 0.0,
                "_CumLift_": 0.0,
                "_Event_": "1",
                "_TargetName_": null,
                "_PctResp_": 0.0,
                "_GainBest_": 0.0,
                "_CumLiftBest_": 0.0,
                "_Lift_": 0.0,
                "_CumPctResp_": 0.0,
                "_NEventsBest_": 0.0,
                "_CumPctRespBest_": 0.0,
                "_Value_": 0.0,
                "_NEvents_": 0.0,
                "_LiftBest_": 0.0,
                "_PartInd_": "2",
                "_Resp_": 0.0,
                "_Column_": "actual"
            },
            "rowNumber": 60
        },
        {
            "dataMap": {
                "_NObs_": 90.0,
                "_Depth_": 90.0,
                "_CumRespBest_": 0.0,
                "_formattedPartition_": "           2",
                "_column_": "predict",
                "_RespBest_": 0.0,
                "_DataRole_": "TEST",
                "_CumResp_": 0.0,
                "_PctRespBest_": 0.0,
                "_Gain_": 0.0,
                "_CumLift_": 0.0,
                "_Event_": "1",
                "_TargetName_": null,
                "_PctResp_": 0.0,
                "_GainBest_": 0.0,
                "_CumLiftBest_": 0.0,
                "_Lift_": 0.0,
                "_CumPctResp_": 0.0,
                "_NEventsBest_": 0.0,
                "_CumPctRespBest_": 0.0,
                "_Value_": 0.0,
                "_NEvents_": 0.0,
                "_LiftBest_": 0.0,
                "_PartInd_": "2",
                "_Resp_": 0.0,
                "_Column_": "actual"
            },
            "rowNumber": 61
        },
        {
            "dataMap": {
                "_NObs_": 90.0,
                "_Depth_": 95.0,
                "_CumRespBest_": 0.0,
                "_formattedPartition_": "           2",
                "_column_": "predict",
                "_RespBest_": 0.0,
                "_DataRole_": "TEST",
                "_CumResp_": 0.0,
                "_PctRespBest_": 0.0,
                "_Gain_": 0.0,
                "_CumLift_": 0.0,
                "_Event_": "1",
                "_TargetName_": null,
                "_PctResp_": 0.0,
                "_GainBest_": 0.0,
                "_CumLiftBest_": 0.0,
                "_Lift_": 0.0,
                "_CumPctResp_": 0.0,
                "_NEventsBest_": 0.0,
                "_CumPctRespBest_": 0.0,
                "_Value_": 0.0,
                "_NEvents_": 0.0,
                "_LiftBest_": 0.0,
                "_PartInd_": "2",
                "_Resp_": 0.0,
                "_Column_": "actual"
            },
            "rowNumber": 62
        },
        {
            "dataMap": {
                "_NObs_": 78.0,
                "_Depth_": 100.0,
                "_CumRespBest_": 0.0,
                "_formattedPartition_": "           2",
                "_column_": "predict",
                "_RespBest_": 0.0,
                "_DataRole_": "TEST",
                "_CumResp_": 0.0,
                "_PctRespBest_": 0.0,
                "_Gain_": 0.0,
                "_CumLift_": 0.0,
                "_Event_": "1",
                "_TargetName_": null,
                "_PctResp_": 0.0,
                "_GainBest_": 0.0,
                "_CumLiftBest_": 0.0,
                "_Lift_": 0.0,
                "_CumPctResp_": 0.0,
                "_NEventsBest_": 0.0,
                "_CumPctRespBest_": 0.0,
                "_Value_": 0.0,
                "_NEvents_": 0.0,
                "_LiftBest_": 0.0,
                "_PartInd_": "2",
                "_Resp_": 0.0,
                "_Column_": "actual"
            },
            "rowNumber": 63
        }
    ],
    "version": 1,
    "xInteger": false,
    "yInteger": false
}