{
    "name": "dmcas_lift",
    "revision": 0,
    "order": 0,
    "parameterMap": {
        "_NObs_": {
            "parameter": "_NObs_",
            "type": "num",
            "label": "Sum of Frequencies",
            "length": 8,
            "order": 9,
            "values": [
                "_NObs_"
            ],
            "preformatted": false
        },
        "_Depth_": {
            "parameter": "_Depth_",
            "type": "num",
            "label": "Depth",
            "length": 8,
            "order": 7,
            "values": [
                "_Depth_"
            ],
            "preformatted": false
        },
        "_CumRespBest_": {
            "parameter": "_CumRespBest_",
            "type": "num",
            "label": "Best Cumulative Captured Response Percentage",
            "length": 8,
            "order": 17,
            "values": [
                "_CumRespBest_"
            ],
            "preformatted": false
        },
        "_formattedPartition_": {
            "parameter": "_formattedPartition_",
            "type": "char",
            "label": "Formatted Partition",
            "length": 12,
            "order": 4,
            "values": [
                "_formattedPartition_"
            ],
            "preformatted": false
        },
        "_Column_": {
            "parameter": "_Column_",
            "type": "char",
            "label": "Analysis Variable",
            "length": 8,
            "order": 5,
            "values": [
                "_Column_"
            ],
            "preformatted": false
        },
        "_RespBest_": {
            "parameter": "_RespBest_",
            "type": "num",
            "label": "Best Captured Response Percentage",
            "length": 8,
            "order": 13,
            "values": [
                "_RespBest_"
            ],
            "preformatted": false
        },
        "_DataRole_": {
            "parameter": "_DataRole_",
            "type": "char",
            "label": "Data Role",
            "length": 10,
            "order": 2,
            "values": [
                "_DataRole_"
            ],
            "preformatted": false
        },
        "_CumResp_": {
            "parameter": "_CumResp_",
            "type": "num",
            "label": "Cumulative Captured Response Percentage",
            "length": 8,
            "order": 16,
            "values": [
                "_CumResp_"
            ],
            "preformatted": false
        },
        "_PctRespBest_": {
            "parameter": "_PctRespBest_",
            "type": "num",
            "label": "Best Response Percentage",
            "length": 8,
            "order": 21,
            "values": [
                "_PctRespBest_"
            ],
            "preformatted": false
        },
        "_Gain_": {
            "parameter": "_Gain_",
            "type": "num",
            "label": "Gain",
            "length": 8,
            "order": 24,
            "values": [
                "_Gain_"
            ],
            "preformatted": false
        },
        "_CumLift_": {
            "parameter": "_CumLift_",
            "type": "num",
            "label": "Cumulative Lift",
            "length": 8,
            "order": 18,
            "values": [
                "_CumLift_"
            ],
            "preformatted": false
        },
        "_Event_": {
            "parameter": "_Event_",
            "type": "char",
            "label": "Event",
            "length": 12,
            "order": 6,
            "values": [
                "_Event_"
            ],
            "preformatted": false
        },
        "_TargetName_": {
            "parameter": "_TargetName_",
            "type": "char",
            "label": "Target Name",
            "length": 6,
            "order": 1,
            "values": [
                "_TargetName_"
            ],
            "preformatted": false
        },
        "_PctResp_": {
            "parameter": "_PctResp_",
            "type": "num",
            "label": "Response Percentage",
            "length": 8,
            "order": 20,
            "values": [
                "_PctResp_"
            ],
            "preformatted": false
        },
        "_GainBest_": {
            "parameter": "_GainBest_",
            "type": "num",
            "label": "Best Gain",
            "length": 8,
            "order": 25,
            "values": [
                "_GainBest_"
            ],
            "preformatted": false
        },
        "_CumLiftBest_": {
            "parameter": "_CumLiftBest_",
            "type": "num",
            "label": "Best Cumulative Lift",
            "length": 8,
            "order": 19,
            "values": [
                "_CumLiftBest_"
            ],
            "preformatted": false
        },
        "_Lift_": {
            "parameter": "_Lift_",
            "type": "num",
            "label": "Lift",
            "length": 8,
            "order": 14,
            "values": [
                "_Lift_"
            ],
            "preformatted": false
        },
        "_CumPctResp_": {
            "parameter": "_CumPctResp_",
            "type": "num",
            "label": "Cumulative Response Percentage",
            "length": 8,
            "order": 22,
            "values": [
                "_CumPctResp_"
            ],
            "preformatted": false
        },
        "_NEventsBest_": {
            "parameter": "_NEventsBest_",
            "type": "num",
            "label": "Best Number of Events",
            "length": 8,
            "order": 11,
            "values": [
                "_NEventsBest_"
            ],
            "preformatted": false
        },
        "_CumPctRespBest_": {
            "parameter": "_CumPctRespBest_",
            "type": "num",
            "label": "Best Cumulative Response Percentage",
            "length": 8,
            "order": 23,
            "values": [
                "_CumPctRespBest_"
            ],
            "preformatted": false
        },
        "_Value_": {
            "parameter": "_Value_",
            "type": "num",
            "label": "Value",
            "length": 8,
            "order": 8,
            "values": [
                "_Value_"
            ],
            "preformatted": false
        },
        "_NEvents_": {
            "parameter": "_NEvents_",
            "type": "num",
            "label": "Number of Events",
            "length": 8,
            "order": 10,
            "values": [
                "_NEvents_"
            ],
            "preformatted": false
        },
        "_LiftBest_": {
            "parameter": "_LiftBest_",
            "type": "num",
            "label": "Best Lift",
            "length": 8,
            "order": 15,
            "values": [
                "_LiftBest_"
            ],
            "preformatted": false
        },
        "_PartInd_": {
            "parameter": "_PartInd_",
            "type": "num",
            "label": "Partition Indicator",
            "length": 8,
            "order": 3,
            "values": [
                "_PartInd_"
            ],
            "preformatted": false
        },
        "_Resp_": {
            "parameter": "_Resp_",
            "type": "num",
            "label": "Captured Response Percentage",
            "length": 8,
            "order": 12,
            "values": [
                "_Resp_"
            ],
            "preformatted": false
        }
    },
    "data": [
        {
            "dataMap": {
                "_NObs_": "0",
                "_Depth_": "0",
                "_CumRespBest_": "0",
                "_formattedPartition_": "           1",
                "_column_": "predict",
                "_RespBest_": "0",
                "_DataRole_": "TRAIN",
                "_CumResp_": "0",
                "_Event_": "1",
                "_TargetName_": "y",
                "_NEventsBest_": "0",
                "_Value_": "0",
                "_NEvents_": "0",
                "_PartInd_": "1",
                "_Resp_": "0"
            },
            "rowNumber": 1
        },
        {
            "dataMap": {
                "_NObs_": "4.0",
                "_Depth_": "5.0",
                "_CumRespBest_": "10.5263157894736",
                "_formattedPartition_": "           1",
                "_column_": "predict",
                "_RespBest_": "10.5263157894736",
                "_DataRole_": "TRAIN",
                "_CumResp_": "3.23886639676113",
                "_PctRespBest_": "100.0",
                "_Gain_": "-0.35222672064777",
                "_CumLift_": "0.64777327935222",
                "_Event_": "1",
                "_TargetName_": "y",
                "_PctResp_": "30.7692307692307",
                "_GainBest_": "1.10526315789473",
                "_CumLiftBest_": "2.10526315789473",
                "_Lift_": "0.64777327935222",
                "_CumPctResp_": "30.7692307692307",
                "_NEventsBest_": "4.0",
                "_CumPctRespBest_": "100.0",
                "_Value_": "0.44244713014586",
                "_NEvents_": "1.23076923076923",
                "_LiftBest_": "2.10526315789473",
                "_PartInd_": "1",
                "_Resp_": "3.23886639676113"
            },
            "rowNumber": 2
        },
        {
            "dataMap": {
                "_NObs_": "4.0",
                "_Depth_": "10.0",
                "_CumRespBest_": "21.0526315789473",
                "_formattedPartition_": "           1",
                "_column_": "predict",
                "_RespBest_": "10.5263157894736",
                "_DataRole_": "TRAIN",
                "_CumResp_": "6.47773279352226",
                "_PctRespBest_": "100.0",
                "_Gain_": "-0.35222672064777",
                "_CumLift_": "0.64777327935222",
                "_Event_": "1",
                "_TargetName_": "y",
                "_PctResp_": "30.7692307692307",
                "_GainBest_": "1.10526315789473",
                "_CumLiftBest_": "2.10526315789473",
                "_Lift_": "0.64777327935222",
                "_CumPctResp_": "30.7692307692307",
                "_NEventsBest_": "4.0",
                "_CumPctRespBest_": "100.0",
                "_Value_": "0.44244713014586",
                "_NEvents_": "1.23076923076923",
                "_LiftBest_": "2.10526315789473",
                "_PartInd_": "1",
                "_Resp_": "3.23886639676113"
            },
            "rowNumber": 3
        },
        {
            "dataMap": {
                "_NObs_": "4.0",
                "_Depth_": "15.0",
                "_CumRespBest_": "31.578947368421",
                "_formattedPartition_": "           1",
                "_column_": "predict",
                "_RespBest_": "10.5263157894736",
                "_DataRole_": "TRAIN",
                "_CumResp_": "9.7165991902834",
                "_PctRespBest_": "100.0",
                "_Gain_": "-0.35222672064777",
                "_CumLift_": "0.64777327935222",
                "_Event_": "1",
                "_TargetName_": "y",
                "_PctResp_": "30.7692307692307",
                "_GainBest_": "1.10526315789473",
                "_CumLiftBest_": "2.10526315789473",
                "_Lift_": "0.64777327935222",
                "_CumPctResp_": "30.7692307692307",
                "_NEventsBest_": "4.0",
                "_CumPctRespBest_": "100.0",
                "_Value_": "0.44244713014586",
                "_NEvents_": "1.23076923076923",
                "_LiftBest_": "2.10526315789473",
                "_PartInd_": "1",
                "_Resp_": "3.23886639676113"
            },
            "rowNumber": 4
        },
        {
            "dataMap": {
                "_NObs_": "4.0",
                "_Depth_": "20.0",
                "_CumRespBest_": "42.1052631578947",
                "_formattedPartition_": "           1",
                "_column_": "predict",
                "_RespBest_": "10.5263157894736",
                "_DataRole_": "TRAIN",
                "_CumResp_": "15.4970760233918",
                "_PctRespBest_": "100.0",
                "_Gain_": "-0.2251461988304",
                "_CumLift_": "0.77485380116959",
                "_Event_": "1",
                "_TargetName_": "y",
                "_PctResp_": "54.9145299145299",
                "_GainBest_": "1.10526315789473",
                "_CumLiftBest_": "2.10526315789473",
                "_Lift_": "1.15609536662168",
                "_CumPctResp_": "36.8055555555555",
                "_NEventsBest_": "4.0",
                "_CumPctRespBest_": "100.0",
                "_Value_": "0.42223067102439",
                "_NEvents_": "2.19658119658119",
                "_LiftBest_": "2.10526315789473",
                "_PartInd_": "1",
                "_Resp_": "5.78047683310841"
            },
            "rowNumber": 5
        },
        {
            "dataMap": {
                "_NObs_": "4.0",
                "_Depth_": "25.0",
                "_CumRespBest_": "52.6315789473684",
                "_formattedPartition_": "           1",
                "_column_": "predict",
                "_RespBest_": "10.5263157894736",
                "_DataRole_": "TRAIN",
                "_CumResp_": "20.1754385964912",
                "_PctRespBest_": "100.0",
                "_Gain_": "-0.19298245614035",
                "_CumLift_": "0.80701754385964",
                "_Event_": "1",
                "_TargetName_": "y",
                "_PctResp_": "44.4444444444444",
                "_GainBest_": "1.10526315789473",
                "_CumLiftBest_": "2.10526315789473",
                "_Lift_": "0.93567251461988",
                "_CumPctResp_": "38.3333333333333",
                "_NEventsBest_": "4.0",
                "_CumPctRespBest_": "100.0",
                "_Value_": "0.42223067102439",
                "_NEvents_": "1.77777777777777",
                "_LiftBest_": "2.10526315789473",
                "_PartInd_": "1",
                "_Resp_": "4.67836257309941"
            },
            "rowNumber": 6
        },
        {
            "dataMap": {
                "_NObs_": "4.0",
                "_Depth_": "30.0",
                "_CumRespBest_": "63.1578947368421",
                "_formattedPartition_": "           1",
                "_column_": "predict",
                "_RespBest_": "10.5263157894736",
                "_DataRole_": "TRAIN",
                "_CumResp_": "26.3157894736842",
                "_PctRespBest_": "100.0",
                "_Gain_": "-0.12280701754385",
                "_CumLift_": "0.87719298245614",
                "_Event_": "1",
                "_TargetName_": "y",
                "_PctResp_": "58.3333333333333",
                "_GainBest_": "1.10526315789473",
                "_CumLiftBest_": "2.10526315789473",
                "_Lift_": "1.22807017543859",
                "_CumPctResp_": "41.6666666666666",
                "_NEventsBest_": "4.0",
                "_CumPctRespBest_": "100.0",
                "_Value_": "0.4212300661782",
                "_NEvents_": "2.33333333333333",
                "_LiftBest_": "2.10526315789473",
                "_PartInd_": "1",
                "_Resp_": "6.14035087719298"
            },
            "rowNumber": 7
        },
        {
            "dataMap": {
                "_NObs_": "4.0",
                "_Depth_": "35.0",
                "_CumRespBest_": "73.6842105263157",
                "_formattedPartition_": "           1",
                "_column_": "predict",
                "_RespBest_": "10.5263157894736",
                "_DataRole_": "TRAIN",
                "_CumResp_": "34.2105263157894",
                "_PctRespBest_": "100.0",
                "_Gain_": "-0.02255639097744",
                "_CumLift_": "0.97744360902255",
                "_Event_": "1",
                "_TargetName_": "y",
                "_PctResp_": "75.0",
                "_GainBest_": "1.10526315789473",
                "_CumLiftBest_": "2.10526315789473",
                "_Lift_": "1.57894736842105",
                "_CumPctResp_": "46.4285714285714",
                "_NEventsBest_": "4.0",
                "_CumPctRespBest_": "100.0",
                "_Value_": "0.41318658108988",
                "_NEvents_": "3.0",
                "_LiftBest_": "2.10526315789473",
                "_PartInd_": "1",
                "_Resp_": "7.89473684210526"
            },
            "rowNumber": 8
        },
        {
            "dataMap": {
                "_NObs_": "4.0",
                "_Depth_": "40.0",
                "_CumRespBest_": "84.2105263157894",
                "_formattedPartition_": "           1",
                "_column_": "predict",
                "_RespBest_": "10.5263157894736",
                "_DataRole_": "TRAIN",
                "_CumResp_": "40.1315789473684",
                "_PctRespBest_": "100.0",
                "_Gain_": "0.00328947368421",
                "_CumLift_": "1.00328947368421",
                "_Event_": "1",
                "_TargetName_": "y",
                "_PctResp_": "56.25",
                "_GainBest_": "1.10526315789473",
                "_CumLiftBest_": "2.10526315789473",
                "_Lift_": "1.18421052631578",
                "_CumPctResp_": "47.65625",
                "_NEventsBest_": "4.0",
                "_CumPctRespBest_": "100.0",
                "_Value_": "0.41203041071839",
                "_NEvents_": "2.25",
                "_LiftBest_": "2.10526315789473",
                "_PartInd_": "1",
                "_Resp_": "5.92105263157894"
            },
            "rowNumber": 9
        },
        {
            "dataMap": {
                "_NObs_": "4.0",
                "_Depth_": "45.0",
                "_CumRespBest_": "94.7368421052631",
                "_formattedPartition_": "           1",
                "_column_": "predict",
                "_RespBest_": "10.5263157894736",
                "_DataRole_": "TRAIN",
                "_CumResp_": "46.0526315789473",
                "_PctRespBest_": "100.0",
                "_Gain_": "0.02339181286549",
                "_CumLift_": "1.02339181286549",
                "_Event_": "1",
                "_TargetName_": "y",
                "_PctResp_": "56.25",
                "_GainBest_": "1.10526315789473",
                "_CumLiftBest_": "2.10526315789473",
                "_Lift_": "1.18421052631578",
                "_CumPctResp_": "48.6111111111111",
                "_NEventsBest_": "4.0",
                "_CumPctRespBest_": "100.0",
                "_Value_": "0.41203041071839",
                "_NEvents_": "2.25",
                "_LiftBest_": "2.10526315789473",
                "_PartInd_": "1",
                "_Resp_": "5.92105263157894"
            },
            "rowNumber": 10
        },
        {
            "dataMap": {
                "_NObs_": "4.0",
                "_Depth_": "50.0",
                "_CumRespBest_": "100.0",
                "_formattedPartition_": "           1",
                "_column_": "predict",
                "_RespBest_": "5.26315789473684",
                "_DataRole_": "TRAIN",
                "_CumResp_": "51.9736842105263",
                "_PctRespBest_": "50.0",
                "_Gain_": "0.03947368421052",
                "_CumLift_": "1.03947368421052",
                "_Event_": "1",
                "_TargetName_": "y",
                "_PctResp_": "56.25",
                "_GainBest_": "1.0",
                "_CumLiftBest_": "2.0",
                "_Lift_": "1.18421052631578",
                "_CumPctResp_": "49.375",
                "_NEventsBest_": "2.0",
                "_CumPctRespBest_": "95.0",
                "_Value_": "0.41203041071839",
                "_NEvents_": "2.25",
                "_LiftBest_": "1.05263157894736",
                "_PartInd_": "1",
                "_Resp_": "5.92105263157894"
            },
            "rowNumber": 11
        },
        {
            "dataMap": {
                "_NObs_": "4.0",
                "_Depth_": "55.0",
                "_CumRespBest_": "100.0",
                "_formattedPartition_": "           1",
                "_column_": "predict",
                "_RespBest_": "0.0",
                "_DataRole_": "TRAIN",
                "_CumResp_": "57.8947368421052",
                "_PctRespBest_": "0.0",
                "_Gain_": "0.05263157894736",
                "_CumLift_": "1.05263157894736",
                "_Event_": "1",
                "_TargetName_": "y",
                "_PctResp_": "56.25",
                "_GainBest_": "0.81818181818181",
                "_CumLiftBest_": "1.81818181818181",
                "_Lift_": "1.18421052631578",
                "_CumPctResp_": "50.0",
                "_NEventsBest_": "0.0",
                "_CumPctRespBest_": "86.3636363636363",
                "_Value_": "0.41203041071839",
                "_NEvents_": "2.25",
                "_LiftBest_": "0.0",
                "_PartInd_": "1",
                "_Resp_": "5.92105263157894"
            },
            "rowNumber": 12
        },
        {
            "dataMap": {
                "_NObs_": "4.0",
                "_Depth_": "60.0",
                "_CumRespBest_": "100.0",
                "_formattedPartition_": "           1",
                "_column_": "predict",
                "_RespBest_": "0.0",
                "_DataRole_": "TRAIN",
                "_CumResp_": "63.8157894736842",
                "_PctRespBest_": "0.0",
                "_Gain_": "0.06359649122807",
                "_CumLift_": "1.06359649122807",
                "_Event_": "1",
                "_TargetName_": "y",
                "_PctResp_": "56.25",
                "_GainBest_": "0.66666666666666",
                "_CumLiftBest_": "1.66666666666666",
                "_Lift_": "1.18421052631578",
                "_CumPctResp_": "50.5208333333333",
                "_NEventsBest_": "0.0",
                "_CumPctRespBest_": "79.1666666666666",
                "_Value_": "0.41203041071839",
                "_NEvents_": "2.25",
                "_LiftBest_": "0.0",
                "_PartInd_": "1",
                "_Resp_": "5.92105263157894"
            },
            "rowNumber": 13
        },
        {
            "dataMap": {
                "_NObs_": "4.0",
                "_Depth_": "65.0",
                "_CumRespBest_": "100.0",
                "_formattedPartition_": "           1",
                "_column_": "predict",
                "_RespBest_": "0.0",
                "_DataRole_": "TRAIN",
                "_CumResp_": "69.7368421052631",
                "_PctRespBest_": "0.0",
                "_Gain_": "0.07287449392712",
                "_CumLift_": "1.07287449392712",
                "_Event_": "1",
                "_TargetName_": "y",
                "_PctResp_": "56.25",
                "_GainBest_": "0.53846153846153",
                "_CumLiftBest_": "1.53846153846153",
                "_Lift_": "1.18421052631578",
                "_CumPctResp_": "50.9615384615384",
                "_NEventsBest_": "0.0",
                "_CumPctRespBest_": "73.076923076923",
                "_Value_": "0.41203041071839",
                "_NEvents_": "2.25",
                "_LiftBest_": "0.0",
                "_PartInd_": "1",
                "_Resp_": "5.92105263157894"
            },
            "rowNumber": 14
        },
        {
            "dataMap": {
                "_NObs_": "4.0",
                "_Depth_": "70.0",
                "_CumRespBest_": "100.0",
                "_formattedPartition_": "           1",
                "_column_": "predict",
                "_RespBest_": "0.0",
                "_DataRole_": "TRAIN",
                "_CumResp_": "75.657894736842",
                "_PctRespBest_": "0.0",
                "_Gain_": "0.08082706766917",
                "_CumLift_": "1.08082706766917",
                "_Event_": "1",
                "_TargetName_": "y",
                "_PctResp_": "56.25",
                "_GainBest_": "0.42857142857142",
                "_CumLiftBest_": "1.42857142857142",
                "_Lift_": "1.18421052631578",
                "_CumPctResp_": "51.3392857142857",
                "_NEventsBest_": "0.0",
                "_CumPctRespBest_": "67.8571428571428",
                "_Value_": "0.41203041071839",
                "_NEvents_": "2.25",
                "_LiftBest_": "0.0",
                "_PartInd_": "1",
                "_Resp_": "5.92105263157894"
            },
            "rowNumber": 15
        },
        {
            "dataMap": {
                "_NObs_": "4.0",
                "_Depth_": "75.0",
                "_CumRespBest_": "100.0",
                "_formattedPartition_": "           1",
                "_column_": "predict",
                "_RespBest_": "0.0",
                "_DataRole_": "TRAIN",
                "_CumResp_": "81.578947368421",
                "_PctRespBest_": "0.0",
                "_Gain_": "0.08771929824561",
                "_CumLift_": "1.08771929824561",
                "_Event_": "1",
                "_TargetName_": "y",
                "_PctResp_": "56.25",
                "_GainBest_": "0.33333333333333",
                "_CumLiftBest_": "1.33333333333333",
                "_Lift_": "1.18421052631578",
                "_CumPctResp_": "51.6666666666666",
                "_NEventsBest_": "0.0",
                "_CumPctRespBest_": "63.3333333333333",
                "_Value_": "0.39112225311997",
                "_NEvents_": "2.25",
                "_LiftBest_": "0.0",
                "_PartInd_": "1",
                "_Resp_": "5.92105263157894"
            },
            "rowNumber": 16
        },
        {
            "dataMap": {
                "_NObs_": "4.0",
                "_Depth_": "80.0",
                "_CumRespBest_": "100.0",
                "_formattedPartition_": "           1",
                "_column_": "predict",
                "_RespBest_": "0.0",
                "_DataRole_": "TRAIN",
                "_CumResp_": "89.9999999999999",
                "_PctRespBest_": "0.0",
                "_Gain_": "0.125",
                "_CumLift_": "1.125",
                "_Event_": "1",
                "_TargetName_": "y",
                "_PctResp_": "80.0",
                "_GainBest_": "0.25",
                "_CumLiftBest_": "1.25",
                "_Lift_": "1.68421052631579",
                "_CumPctResp_": "53.4375",
                "_NEventsBest_": "0.0",
                "_CumPctRespBest_": "59.375",
                "_Value_": "0.37021409552155",
                "_NEvents_": "3.2",
                "_LiftBest_": "0.0",
                "_PartInd_": "1",
                "_Resp_": "8.42105263157894"
            },
            "rowNumber": 17
        },
        {
            "dataMap": {
                "_NObs_": "4.0",
                "_Depth_": "85.0",
                "_CumRespBest_": "100.0",
                "_formattedPartition_": "           1",
                "_column_": "predict",
                "_RespBest_": "0.0",
                "_DataRole_": "TRAIN",
                "_CumResp_": "96.8421052631578",
                "_PctRespBest_": "0.0",
                "_Gain_": "0.13931888544891",
                "_CumLift_": "1.13931888544891",
                "_Event_": "1",
                "_TargetName_": "y",
                "_PctResp_": "65.0",
                "_GainBest_": "0.17647058823529",
                "_CumLiftBest_": "1.17647058823529",
                "_Lift_": "1.36842105263157",
                "_CumPctResp_": "54.1176470588235",
                "_NEventsBest_": "0.0",
                "_CumPctRespBest_": "55.8823529411764",
                "_Value_": "0.35993604758163",
                "_NEvents_": "2.6",
                "_LiftBest_": "0.0",
                "_PartInd_": "1",
                "_Resp_": "6.84210526315789"
            },
            "rowNumber": 18
        },
        {
            "dataMap": {
                "_NObs_": "2.0",
                "_Depth_": "90.0",
                "_CumRespBest_": "100.0",
                "_formattedPartition_": "           1",
                "_column_": "predict",
                "_RespBest_": "0.0",
                "_DataRole_": "TRAIN",
                "_CumResp_": "100.0",
                "_PctRespBest_": "0.0",
                "_Gain_": "0.11111111111111",
                "_CumLift_": "1.11111111111111",
                "_Event_": "1",
                "_TargetName_": "y",
                "_PctResp_": "60.0",
                "_GainBest_": "0.11111111111111",
                "_CumLiftBest_": "1.11111111111111",
                "_Lift_": "0.63157894736842",
                "_CumPctResp_": "54.2857142857143",
                "_NEventsBest_": "0.0",
                "_CumPctRespBest_": "54.2857142857142",
                "_Value_": "0.35993604758163",
                "_NEvents_": "1.2",
                "_LiftBest_": "0.0",
                "_PartInd_": "1",
                "_Resp_": "3.1578947368421"
            },
            "rowNumber": 19
        },
        {
            "dataMap": {
                "_NObs_": "0.0",
                "_Depth_": "95.0",
                "_CumRespBest_": "100.0",
                "_formattedPartition_": "           1",
                "_column_": "predict",
                "_RespBest_": "0.0",
                "_DataRole_": "TRAIN",
                "_CumResp_": "100.0",
                "_PctRespBest_": "0.0",
                "_Gain_": "0.05263157894736",
                "_CumLift_": "1.05263157894736",
                "_Event_": "1",
                "_TargetName_": "y",
                "_PctResp_": "0.0",
                "_GainBest_": "0.05263157894736",
                "_CumLiftBest_": "1.05263157894736",
                "_Lift_": "0.0",
                "_CumPctResp_": "54.2857142857143",
                "_NEventsBest_": "0.0",
                "_CumPctRespBest_": "54.2857142857142",
                "_Value_": "0.35993604758163",
                "_NEvents_": "0.0",
                "_LiftBest_": "0.0",
                "_PartInd_": "1",
                "_Resp_": "0.0"
            },
            "rowNumber": 20
        },
        {
            "dataMap": {
                "_NObs_": "0.0",
                "_Depth_": "100.0",
                "_CumRespBest_": "100.0",
                "_formattedPartition_": "           1",
                "_column_": "predict",
                "_RespBest_": "0.0",
                "_DataRole_": "TRAIN",
                "_CumResp_": "100.0",
                "_PctRespBest_": "0.0",
                "_Gain_": "2.2204460492503e-16",
                "_CumLift_": "1.0",
                "_Event_": "1",
                "_TargetName_": "y",
                "_PctResp_": "0.0",
                "_GainBest_": "0.0",
                "_CumLiftBest_": "1.0",
                "_Lift_": "0.0",
                "_CumPctResp_": "54.2857142857143",
                "_NEventsBest_": "0.0",
                "_CumPctRespBest_": "54.2857142857142",
                "_Value_": "0.35993604758163",
                "_NEvents_": "0.0",
                "_LiftBest_": "0.0",
                "_PartInd_": "1",
                "_Resp_": "0.0"
            },
            "rowNumber": 21
        },
        {
            "dataMap": {
                "_NObs_": "0",
                "_Depth_": "0",
                "_CumRespBest_": "0",
                "_formattedPartition_": "           2",
                "_column_": "predict",
                "_RespBest_": "0",
                "_DataRole_": "TEST",
                "_CumResp_": "0",
                "_Event_": "1",
                "_TargetName_": "y",
                "_NEventsBest_": "0",
                "_Value_": "0",
                "_NEvents_": "0",
                "_PartInd_": "2",
                "_Resp_": "0"
            },
            "rowNumber": 22
        },
        {
            "dataMap": {
                "_NObs_": "2.0",
                "_Depth_": "5.0",
                "_CumRespBest_": "13.3333333333333",
                "_formattedPartition_": "           2",
                "_column_": "predict",
                "_RespBest_": "13.3333333333333",
                "_DataRole_": "TEST",
                "_CumResp_": "8.88888888888888",
                "_PctRespBest_": "100.0",
                "_Gain_": "0.77777777777777",
                "_CumLift_": "1.77777777777777",
                "_Event_": "1",
                "_TargetName_": "y",
                "_PctResp_": "66.6666666666666",
                "_GainBest_": "1.66666666666666",
                "_CumLiftBest_": "2.66666666666666",
                "_Lift_": "1.77777777777777",
                "_CumPctResp_": "66.6666666666666",
                "_NEventsBest_": "2.0",
                "_CumPctRespBest_": "100.0",
                "_Value_": "0.44244713014586",
                "_NEvents_": "1.33333333333333",
                "_LiftBest_": "2.66666666666666",
                "_PartInd_": "2",
                "_Resp_": "8.88888888888888"
            },
            "rowNumber": 23
        },
        {
            "dataMap": {
                "_NObs_": "2.0",
                "_Depth_": "10.0",
                "_CumRespBest_": "26.6666666666666",
                "_formattedPartition_": "           2",
                "_column_": "predict",
                "_RespBest_": "13.3333333333333",
                "_DataRole_": "TEST",
                "_CumResp_": "18.3333333333333",
                "_PctRespBest_": "100.0",
                "_Gain_": "0.83333333333333",
                "_CumLift_": "1.83333333333333",
                "_Event_": "1",
                "_TargetName_": "y",
                "_PctResp_": "70.8333333333333",
                "_GainBest_": "1.66666666666666",
                "_CumLiftBest_": "2.66666666666666",
                "_Lift_": "1.88888888888888",
                "_CumPctResp_": "68.75",
                "_NEventsBest_": "2.0",
                "_CumPctRespBest_": "100.0",
                "_Value_": "0.42223067102439",
                "_NEvents_": "1.41666666666666",
                "_LiftBest_": "2.66666666666666",
                "_PartInd_": "2",
                "_Resp_": "9.44444444444444"
            },
            "rowNumber": 24
        },
        {
            "dataMap": {
                "_NObs_": "2.0",
                "_Depth_": "15.0",
                "_CumRespBest_": "40.0",
                "_formattedPartition_": "           2",
                "_column_": "predict",
                "_RespBest_": "13.3333333333333",
                "_DataRole_": "TEST",
                "_CumResp_": "28.3333333333333",
                "_PctRespBest_": "100.0",
                "_Gain_": "0.88888888888888",
                "_CumLift_": "1.88888888888888",
                "_Event_": "1",
                "_TargetName_": "y",
                "_PctResp_": "75.0",
                "_GainBest_": "1.66666666666666",
                "_CumLiftBest_": "2.66666666666666",
                "_Lift_": "2.0",
                "_CumPctResp_": "70.8333333333333",
                "_NEventsBest_": "2.0",
                "_CumPctRespBest_": "100.0",
                "_Value_": "0.42223067102439",
                "_NEvents_": "1.5",
                "_LiftBest_": "2.66666666666666",
                "_PartInd_": "2",
                "_Resp_": "10.0"
            },
            "rowNumber": 25
        },
        {
            "dataMap": {
                "_NObs_": "2.0",
                "_Depth_": "20.0",
                "_CumRespBest_": "53.3333333333333",
                "_formattedPartition_": "           2",
                "_column_": "predict",
                "_RespBest_": "13.3333333333333",
                "_DataRole_": "TEST",
                "_CumResp_": "36.6666666666666",
                "_PctRespBest_": "100.0",
                "_Gain_": "0.83333333333333",
                "_CumLift_": "1.83333333333333",
                "_Event_": "1",
                "_TargetName_": "y",
                "_PctResp_": "62.5",
                "_GainBest_": "1.66666666666666",
                "_CumLiftBest_": "2.66666666666666",
                "_Lift_": "1.66666666666666",
                "_CumPctResp_": "68.75",
                "_NEventsBest_": "2.0",
                "_CumPctRespBest_": "100.0",
                "_Value_": "0.41721778712643",
                "_NEvents_": "1.25",
                "_LiftBest_": "2.66666666666666",
                "_PartInd_": "2",
                "_Resp_": "8.33333333333333"
            },
            "rowNumber": 26
        },
        {
            "dataMap": {
                "_NObs_": "2.0",
                "_Depth_": "25.0",
                "_CumRespBest_": "66.6666666666666",
                "_formattedPartition_": "           2",
                "_column_": "predict",
                "_RespBest_": "13.3333333333333",
                "_DataRole_": "TEST",
                "_CumResp_": "46.6666666666666",
                "_PctRespBest_": "100.0",
                "_Gain_": "0.86666666666666",
                "_CumLift_": "1.86666666666666",
                "_Event_": "1",
                "_TargetName_": "y",
                "_PctResp_": "75.0",
                "_GainBest_": "1.66666666666666",
                "_CumLiftBest_": "2.66666666666666",
                "_Lift_": "2.0",
                "_CumPctResp_": "70.0",
                "_NEventsBest_": "2.0",
                "_CumPctRespBest_": "100.0",
                "_Value_": "0.41318658108988",
                "_NEvents_": "1.5",
                "_LiftBest_": "2.66666666666666",
                "_PartInd_": "2",
                "_Resp_": "10.0"
            },
            "rowNumber": 27
        },
        {
            "dataMap": {
                "_NObs_": "2.0",
                "_Depth_": "30.0",
                "_CumRespBest_": "80.0",
                "_formattedPartition_": "           2",
                "_column_": "predict",
                "_RespBest_": "13.3333333333333",
                "_DataRole_": "TEST",
                "_CumResp_": "52.8888888888888",
                "_PctRespBest_": "100.0",
                "_Gain_": "0.76296296296296",
                "_CumLift_": "1.76296296296296",
                "_Event_": "1",
                "_TargetName_": "y",
                "_PctResp_": "46.6666666666666",
                "_GainBest_": "1.66666666666666",
                "_CumLiftBest_": "2.66666666666666",
                "_Lift_": "1.24444444444444",
                "_CumPctResp_": "66.1111111111111",
                "_NEventsBest_": "2.0",
                "_CumPctRespBest_": "100.0",
                "_Value_": "0.41203041071839",
                "_NEvents_": "0.93333333333333",
                "_LiftBest_": "2.66666666666666",
                "_PartInd_": "2",
                "_Resp_": "6.22222222222222"
            },
            "rowNumber": 28
        },
        {
            "dataMap": {
                "_NObs_": "2.0",
                "_Depth_": "35.0",
                "_CumRespBest_": "93.3333333333333",
                "_formattedPartition_": "           2",
                "_column_": "predict",
                "_RespBest_": "13.3333333333333",
                "_DataRole_": "TEST",
                "_CumResp_": "59.1111111111111",
                "_PctRespBest_": "100.0",
                "_Gain_": "0.68888888888888",
                "_CumLift_": "1.68888888888888",
                "_Event_": "1",
                "_TargetName_": "y",
                "_PctResp_": "46.6666666666666",
                "_GainBest_": "1.66666666666666",
                "_CumLiftBest_": "2.66666666666666",
                "_Lift_": "1.24444444444444",
                "_CumPctResp_": "63.3333333333333",
                "_NEventsBest_": "2.0",
                "_CumPctRespBest_": "100.0",
                "_Value_": "0.41203041071839",
                "_NEvents_": "0.93333333333333",
                "_LiftBest_": "2.66666666666666",
                "_PartInd_": "2",
                "_Resp_": "6.22222222222222"
            },
            "rowNumber": 29
        },
        {
            "dataMap": {
                "_NObs_": "2.0",
                "_Depth_": "40.0",
                "_CumRespBest_": "100.0",
                "_formattedPartition_": "           2",
                "_column_": "predict",
                "_RespBest_": "6.66666666666666",
                "_DataRole_": "TEST",
                "_CumResp_": "65.3333333333333",
                "_PctRespBest_": "50.0",
                "_Gain_": "0.63333333333333",
                "_CumLift_": "1.63333333333333",
                "_Event_": "1",
                "_TargetName_": "y",
                "_PctResp_": "46.6666666666666",
                "_GainBest_": "1.5",
                "_CumLiftBest_": "2.5",
                "_Lift_": "1.24444444444444",
                "_CumPctResp_": "61.25",
                "_NEventsBest_": "1.0",
                "_CumPctRespBest_": "93.75",
                "_Value_": "0.41203041071839",
                "_NEvents_": "0.93333333333333",
                "_LiftBest_": "1.33333333333333",
                "_PartInd_": "2",
                "_Resp_": "6.22222222222222"
            },
            "rowNumber": 30
        },
        {
            "dataMap": {
                "_NObs_": "2.0",
                "_Depth_": "45.0",
                "_CumRespBest_": "100.0",
                "_formattedPartition_": "           2",
                "_column_": "predict",
                "_RespBest_": "0.0",
                "_DataRole_": "TEST",
                "_CumResp_": "71.5555555555555",
                "_PctRespBest_": "0.0",
                "_Gain_": "0.59012345679012",
                "_CumLift_": "1.59012345679012",
                "_Event_": "1",
                "_TargetName_": "y",
                "_PctResp_": "46.6666666666666",
                "_GainBest_": "1.22222222222222",
                "_CumLiftBest_": "2.22222222222222",
                "_Lift_": "1.24444444444444",
                "_CumPctResp_": "59.6296296296296",
                "_NEventsBest_": "0.0",
                "_CumPctRespBest_": "83.3333333333333",
                "_Value_": "0.41203041071839",
                "_NEvents_": "0.93333333333333",
                "_LiftBest_": "0.0",
                "_PartInd_": "2",
                "_Resp_": "6.22222222222222"
            },
            "rowNumber": 31
        },
        {
            "dataMap": {
                "_NObs_": "2.0",
                "_Depth_": "50.0",
                "_CumRespBest_": "100.0",
                "_formattedPartition_": "           2",
                "_column_": "predict",
                "_RespBest_": "0.0",
                "_DataRole_": "TEST",
                "_CumResp_": "77.7777777777777",
                "_PctRespBest_": "0.0",
                "_Gain_": "0.55555555555555",
                "_CumLift_": "1.55555555555555",
                "_Event_": "1",
                "_TargetName_": "y",
                "_PctResp_": "46.6666666666666",
                "_GainBest_": "1.0",
                "_CumLiftBest_": "2.0",
                "_Lift_": "1.24444444444444",
                "_CumPctResp_": "58.3333333333333",
                "_NEventsBest_": "0.0",
                "_CumPctRespBest_": "75.0",
                "_Value_": "0.41203041071839",
                "_NEvents_": "0.93333333333333",
                "_LiftBest_": "0.0",
                "_PartInd_": "2",
                "_Resp_": "6.22222222222222"
            },
            "rowNumber": 32
        },
        {
            "dataMap": {
                "_NObs_": "2.0",
                "_Depth_": "55.0",
                "_CumRespBest_": "100.0",
                "_formattedPartition_": "           2",
                "_column_": "predict",
                "_RespBest_": "0.0",
                "_DataRole_": "TEST",
                "_CumResp_": "84.0",
                "_PctRespBest_": "0.0",
                "_Gain_": "0.52727272727272",
                "_CumLift_": "1.52727272727272",
                "_Event_": "1",
                "_TargetName_": "y",
                "_PctResp_": "46.6666666666666",
                "_GainBest_": "0.81818181818181",
                "_CumLiftBest_": "1.81818181818181",
                "_Lift_": "1.24444444444444",
                "_CumPctResp_": "57.2727272727272",
                "_NEventsBest_": "0.0",
                "_CumPctRespBest_": "68.1818181818181",
                "_Value_": "0.41203041071839",
                "_NEvents_": "0.93333333333333",
                "_LiftBest_": "0.0",
                "_PartInd_": "2",
                "_Resp_": "6.22222222222222"
            },
            "rowNumber": 33
        },
        {
            "dataMap": {
                "_NObs_": "2.0",
                "_Depth_": "60.0",
                "_CumRespBest_": "100.0",
                "_formattedPartition_": "           2",
                "_column_": "predict",
                "_RespBest_": "0.0",
                "_DataRole_": "TEST",
                "_CumResp_": "90.2222222222222",
                "_PctRespBest_": "0.0",
                "_Gain_": "0.5037037037037",
                "_CumLift_": "1.5037037037037",
                "_Event_": "1",
                "_TargetName_": "y",
                "_PctResp_": "46.6666666666666",
                "_GainBest_": "0.66666666666666",
                "_CumLiftBest_": "1.66666666666666",
                "_Lift_": "1.24444444444444",
                "_CumPctResp_": "56.3888888888889",
                "_NEventsBest_": "0.0",
                "_CumPctRespBest_": "62.5",
                "_Value_": "0.41203041071839",
                "_NEvents_": "0.93333333333333",
                "_LiftBest_": "0.0",
                "_PartInd_": "2",
                "_Resp_": "6.22222222222222"
            },
            "rowNumber": 34
        },
        {
            "dataMap": {
                "_NObs_": "2.0",
                "_Depth_": "65.0",
                "_CumRespBest_": "100.0",
                "_formattedPartition_": "           2",
                "_column_": "predict",
                "_RespBest_": "0.0",
                "_DataRole_": "TEST",
                "_CumResp_": "96.6666666666667",
                "_PctRespBest_": "0.0",
                "_Gain_": "0.48717948717948",
                "_CumLift_": "1.48717948717948",
                "_Event_": "1",
                "_TargetName_": "y",
                "_PctResp_": "48.3333333333333",
                "_GainBest_": "0.53846153846153",
                "_CumLiftBest_": "1.53846153846153",
                "_Lift_": "1.28888888888888",
                "_CumPctResp_": "55.7692307692307",
                "_NEventsBest_": "0.0",
                "_CumPctRespBest_": "57.6923076923077",
                "_Value_": "0.37021409552155",
                "_NEvents_": "0.96666666666666",
                "_LiftBest_": "0.0",
                "_PartInd_": "2",
                "_Resp_": "6.44444444444444"
            },
            "rowNumber": 35
        },
        {
            "dataMap": {
                "_NObs_": "2.0",
                "_Depth_": "70.0",
                "_CumRespBest_": "100.0",
                "_formattedPartition_": "           2",
                "_column_": "predict",
                "_RespBest_": "0.0",
                "_DataRole_": "TEST",
                "_CumResp_": "100.0",
                "_PctRespBest_": "0.0",
                "_Gain_": "0.42857142857142",
                "_CumLift_": "1.42857142857142",
                "_Event_": "1",
                "_TargetName_": "y",
                "_PctResp_": "25.0",
                "_GainBest_": "0.42857142857142",
                "_CumLiftBest_": "1.42857142857142",
                "_Lift_": "0.66666666666666",
                "_CumPctResp_": "53.5714285714285",
                "_NEventsBest_": "0.0",
                "_CumPctRespBest_": "53.5714285714285",
                "_Value_": "0.35993604758163",
                "_NEvents_": "0.5",
                "_LiftBest_": "0.0",
                "_PartInd_": "2",
                "_Resp_": "3.33333333333333"
            },
            "rowNumber": 36
        },
        {
            "dataMap": {
                "_NObs_": "2.0",
                "_Depth_": "75.0",
                "_CumRespBest_": "100.0",
                "_formattedPartition_": "           2",
                "_column_": "predict",
                "_RespBest_": "0.0",
                "_DataRole_": "TEST",
                "_CumResp_": "100.0",
                "_PctRespBest_": "0.0",
                "_Gain_": "0.33333333333333",
                "_CumLift_": "1.33333333333333",
                "_Event_": "1",
                "_TargetName_": "y",
                "_PctResp_": "0.0",
                "_GainBest_": "0.33333333333333",
                "_CumLiftBest_": "1.33333333333333",
                "_Lift_": "0.0",
                "_CumPctResp_": "50.0",
                "_NEventsBest_": "0.0",
                "_CumPctRespBest_": "50.0",
                "_Value_": "0.35993604758163",
                "_NEvents_": "0.0",
                "_LiftBest_": "0.0",
                "_PartInd_": "2",
                "_Resp_": "0.0"
            },
            "rowNumber": 37
        },
        {
            "dataMap": {
                "_NObs_": "0.0",
                "_Depth_": "80.0",
                "_CumRespBest_": "100.0",
                "_formattedPartition_": "           2",
                "_column_": "predict",
                "_RespBest_": "0.0",
                "_DataRole_": "TEST",
                "_CumResp_": "100.0",
                "_PctRespBest_": "0.0",
                "_Gain_": "0.25",
                "_CumLift_": "1.25",
                "_Event_": "1",
                "_TargetName_": "y",
                "_PctResp_": "0.0",
                "_GainBest_": "0.25",
                "_CumLiftBest_": "1.25",
                "_Lift_": "0.0",
                "_CumPctResp_": "50.0",
                "_NEventsBest_": "0.0",
                "_CumPctRespBest_": "50.0",
                "_Value_": "0.35993604758163",
                "_NEvents_": "0.0",
                "_LiftBest_": "0.0",
                "_PartInd_": "2",
                "_Resp_": "0.0"
            },
            "rowNumber": 38
        },
        {
            "dataMap": {
                "_NObs_": "0.0",
                "_Depth_": "85.0",
                "_CumRespBest_": "100.0",
                "_formattedPartition_": "           2",
                "_column_": "predict",
                "_RespBest_": "0.0",
                "_DataRole_": "TEST",
                "_CumResp_": "100.0",
                "_PctRespBest_": "0.0",
                "_Gain_": "0.17647058823529",
                "_CumLift_": "1.17647058823529",
                "_Event_": "1",
                "_TargetName_": "y",
                "_PctResp_": "0.0",
                "_GainBest_": "0.17647058823529",
                "_CumLiftBest_": "1.17647058823529",
                "_Lift_": "0.0",
                "_CumPctResp_": "50.0",
                "_NEventsBest_": "0.0",
                "_CumPctRespBest_": "50.0",
                "_Value_": "0.35993604758163",
                "_NEvents_": "0.0",
                "_LiftBest_": "0.0",
                "_PartInd_": "2",
                "_Resp_": "0.0"
            },
            "rowNumber": 39
        },
        {
            "dataMap": {
                "_NObs_": "0.0",
                "_Depth_": "90.0",
                "_CumRespBest_": "100.0",
                "_formattedPartition_": "           2",
                "_column_": "predict",
                "_RespBest_": "0.0",
                "_DataRole_": "TEST",
                "_CumResp_": "100.0",
                "_PctRespBest_": "0.0",
                "_Gain_": "0.11111111111111",
                "_CumLift_": "1.11111111111111",
                "_Event_": "1",
                "_TargetName_": "y",
                "_PctResp_": "0.0",
                "_GainBest_": "0.11111111111111",
                "_CumLiftBest_": "1.11111111111111",
                "_Lift_": "0.0",
                "_CumPctResp_": "50.0",
                "_NEventsBest_": "0.0",
                "_CumPctRespBest_": "50.0",
                "_Value_": "0.35993604758163",
                "_NEvents_": "0.0",
                "_LiftBest_": "0.0",
                "_PartInd_": "2",
                "_Resp_": "0.0"
            },
            "rowNumber": 40
        },
        {
            "dataMap": {
                "_NObs_": "0.0",
                "_Depth_": "95.0",
                "_CumRespBest_": "100.0",
                "_formattedPartition_": "           2",
                "_column_": "predict",
                "_RespBest_": "0.0",
                "_DataRole_": "TEST",
                "_CumResp_": "100.0",
                "_PctRespBest_": "0.0",
                "_Gain_": "0.05263157894736",
                "_CumLift_": "1.05263157894736",
                "_Event_": "1",
                "_TargetName_": "y",
                "_PctResp_": "0.0",
                "_GainBest_": "0.05263157894736",
                "_CumLiftBest_": "1.05263157894736",
                "_Lift_": "0.0",
                "_CumPctResp_": "50.0",
                "_NEventsBest_": "0.0",
                "_CumPctRespBest_": "50.0",
                "_Value_": "0.35993604758163",
                "_NEvents_": "0.0",
                "_LiftBest_": "0.0",
                "_PartInd_": "2",
                "_Resp_": "0.0"
            },
            "rowNumber": 41
        },
        {
            "dataMap": {
                "_NObs_": "0.0",
                "_Depth_": "100.0",
                "_CumRespBest_": "100.0",
                "_formattedPartition_": "           2",
                "_column_": "predict",
                "_RespBest_": "0.0",
                "_DataRole_": "TEST",
                "_CumResp_": "100.0",
                "_PctRespBest_": "0.0",
                "_Gain_": "2.2204460492503e-16",
                "_CumLift_": "1.0",
                "_Event_": "1",
                "_TargetName_": "y",
                "_PctResp_": "0.0",
                "_GainBest_": "0.0",
                "_CumLiftBest_": "1.0",
                "_Lift_": "0.0",
                "_CumPctResp_": "50.0",
                "_NEventsBest_": "0.0",
                "_CumPctRespBest_": "50.0",
                "_Value_": "0.35993604758163",
                "_NEvents_": "0.0",
                "_LiftBest_": "0.0",
                "_PartInd_": "2",
                "_Resp_": "0.0"
            },
            "rowNumber": 42
        }
    ],
    "version": 1,
    "xInteger": false,
    "yInteger": false
}