{
    "name": "dmcas_lift",
    "revision": 0,
    "order": 0,
    "parameterMap": {
        "_NObs_": {
            "parameter": "_NObs_",
            "type": "num",
            "label": "Sum of Frequencies",
            "length": 8,
            "order": 9,
            "values": [
                "_NObs_"
            ],
            "preformatted": false
        },
        "_Depth_": {
            "parameter": "_Depth_",
            "type": "num",
            "label": "Depth",
            "length": 8,
            "order": 7,
            "values": [
                "_Depth_"
            ],
            "preformatted": false
        },
        "_CumRespBest_": {
            "parameter": "_CumRespBest_",
            "type": "num",
            "label": "Best Cumulative Captured Response Percentage",
            "length": 8,
            "order": 17,
            "values": [
                "_CumRespBest_"
            ],
            "preformatted": false
        },
        "_formattedPartition_": {
            "parameter": "_formattedPartition_",
            "type": "char",
            "label": "Formatted Partition",
            "length": 12,
            "order": 4,
            "values": [
                "_formattedPartition_"
            ],
            "preformatted": false
        },
        "_Column_": {
            "parameter": "_Column_",
            "type": "char",
            "label": "Analysis Variable",
            "length": 8,
            "order": 5,
            "values": [
                "_Column_"
            ],
            "preformatted": false
        },
        "_RespBest_": {
            "parameter": "_RespBest_",
            "type": "num",
            "label": "Best Captured Response Percentage",
            "length": 8,
            "order": 13,
            "values": [
                "_RespBest_"
            ],
            "preformatted": false
        },
        "_DataRole_": {
            "parameter": "_DataRole_",
            "type": "char",
            "label": "Data Role",
            "length": 10,
            "order": 2,
            "values": [
                "_DataRole_"
            ],
            "preformatted": false
        },
        "_CumResp_": {
            "parameter": "_CumResp_",
            "type": "num",
            "label": "Cumulative Captured Response Percentage",
            "length": 8,
            "order": 16,
            "values": [
                "_CumResp_"
            ],
            "preformatted": false
        },
        "_PctRespBest_": {
            "parameter": "_PctRespBest_",
            "type": "num",
            "label": "Best Response Percentage",
            "length": 8,
            "order": 21,
            "values": [
                "_PctRespBest_"
            ],
            "preformatted": false
        },
        "_Gain_": {
            "parameter": "_Gain_",
            "type": "num",
            "label": "Gain",
            "length": 8,
            "order": 24,
            "values": [
                "_Gain_"
            ],
            "preformatted": false
        },
        "_CumLift_": {
            "parameter": "_CumLift_",
            "type": "num",
            "label": "Cumulative Lift",
            "length": 8,
            "order": 18,
            "values": [
                "_CumLift_"
            ],
            "preformatted": false
        },
        "_Event_": {
            "parameter": "_Event_",
            "type": "char",
            "label": "Event",
            "length": 12,
            "order": 6,
            "values": [
                "_Event_"
            ],
            "preformatted": false
        },
        "_TargetName_": {
            "parameter": "_TargetName_",
            "type": "char",
            "label": "Target Name",
            "length": 6,
            "order": 1,
            "values": [
                "_TargetName_"
            ],
            "preformatted": false
        },
        "_PctResp_": {
            "parameter": "_PctResp_",
            "type": "num",
            "label": "Response Percentage",
            "length": 8,
            "order": 20,
            "values": [
                "_PctResp_"
            ],
            "preformatted": false
        },
        "_GainBest_": {
            "parameter": "_GainBest_",
            "type": "num",
            "label": "Best Gain",
            "length": 8,
            "order": 25,
            "values": [
                "_GainBest_"
            ],
            "preformatted": false
        },
        "_CumLiftBest_": {
            "parameter": "_CumLiftBest_",
            "type": "num",
            "label": "Best Cumulative Lift",
            "length": 8,
            "order": 19,
            "values": [
                "_CumLiftBest_"
            ],
            "preformatted": false
        },
        "_Lift_": {
            "parameter": "_Lift_",
            "type": "num",
            "label": "Lift",
            "length": 8,
            "order": 14,
            "values": [
                "_Lift_"
            ],
            "preformatted": false
        },
        "_CumPctResp_": {
            "parameter": "_CumPctResp_",
            "type": "num",
            "label": "Cumulative Response Percentage",
            "length": 8,
            "order": 22,
            "values": [
                "_CumPctResp_"
            ],
            "preformatted": false
        },
        "_NEventsBest_": {
            "parameter": "_NEventsBest_",
            "type": "num",
            "label": "Best Number of Events",
            "length": 8,
            "order": 11,
            "values": [
                "_NEventsBest_"
            ],
            "preformatted": false
        },
        "_CumPctRespBest_": {
            "parameter": "_CumPctRespBest_",
            "type": "num",
            "label": "Best Cumulative Response Percentage",
            "length": 8,
            "order": 23,
            "values": [
                "_CumPctRespBest_"
            ],
            "preformatted": false
        },
        "_Value_": {
            "parameter": "_Value_",
            "type": "num",
            "label": "Value",
            "length": 8,
            "order": 8,
            "values": [
                "_Value_"
            ],
            "preformatted": false
        },
        "_NEvents_": {
            "parameter": "_NEvents_",
            "type": "num",
            "label": "Number of Events",
            "length": 8,
            "order": 10,
            "values": [
                "_NEvents_"
            ],
            "preformatted": false
        },
        "_LiftBest_": {
            "parameter": "_LiftBest_",
            "type": "num",
            "label": "Best Lift",
            "length": 8,
            "order": 15,
            "values": [
                "_LiftBest_"
            ],
            "preformatted": false
        },
        "_PartInd_": {
            "parameter": "_PartInd_",
            "type": "num",
            "label": "Partition Indicator",
            "length": 8,
            "order": 3,
            "values": [
                "_PartInd_"
            ],
            "preformatted": false
        },
        "_Resp_": {
            "parameter": "_Resp_",
            "type": "num",
            "label": "Captured Response Percentage",
            "length": 8,
            "order": 12,
            "values": [
                "_Resp_"
            ],
            "preformatted": false
        }
    },
    "data": [
        {
            "dataMap": {
                "_NObs_": "0",
                "_Depth_": "0",
                "_CumRespBest_": "0",
                "_formattedPartition_": "           0",
                "_Column_": "predict",
                "_RespBest_": "0",
                "_DataRole_": "VALIDATE",
                "_CumResp_": "0",
                "_Event_": null,
                "_TargetName_": null,
                "_NEventsBest_": "0",
                "_Value_": "0",
                "_NEvents_": "0",
                "_PartInd_": "0",
                "_Resp_": "0"
            },
            "rowNumber": 1
        },
        {
            "dataMap": {
                "_NObs_": null,
                "_Depth_": null,
                "_CumRespBest_": null,
                "_formattedPartition_": "           0",
                "_column_": "predict",
                "_RespBest_": null,
                "_DataRole_": "VALIDATE",
                "_CumResp_": null,
                "_PctRespBest_": null,
                "_Gain_": null,
                "_CumLift_": null,
                "_Event_": null,
                "_TargetName_": null,
                "_PctResp_": null,
                "_GainBest_": null,
                "_CumLiftBest_": null,
                "_Lift_": null,
                "_CumPctResp_": null,
                "_NEventsBest_": null,
                "_CumPctRespBest_": null,
                "_Value_": null,
                "_NEvents_": null,
                "_LiftBest_": null,
                "_PartInd_": "0",
                "_Resp_": null
            },
            "rowNumber": 2
        },
        {
            "dataMap": {
                "_NObs_": null,
                "_Depth_": null,
                "_CumRespBest_": null,
                "_formattedPartition_": "           0",
                "_column_": "predict",
                "_RespBest_": null,
                "_DataRole_": "VALIDATE",
                "_CumResp_": null,
                "_PctRespBest_": null,
                "_Gain_": null,
                "_CumLift_": null,
                "_Event_": null,
                "_TargetName_": null,
                "_PctResp_": null,
                "_GainBest_": null,
                "_CumLiftBest_": null,
                "_Lift_": null,
                "_CumPctResp_": null,
                "_NEventsBest_": null,
                "_CumPctRespBest_": null,
                "_Value_": null,
                "_NEvents_": null,
                "_LiftBest_": null,
                "_PartInd_": "0",
                "_Resp_": null
            },
            "rowNumber": 3
        },
        {
            "dataMap": {
                "_NObs_": null,
                "_Depth_": null,
                "_CumRespBest_": null,
                "_formattedPartition_": "           0",
                "_column_": "predict",
                "_RespBest_": null,
                "_DataRole_": "VALIDATE",
                "_CumResp_": null,
                "_PctRespBest_": null,
                "_Gain_": null,
                "_CumLift_": null,
                "_Event_": null,
                "_TargetName_": null,
                "_PctResp_": null,
                "_GainBest_": null,
                "_CumLiftBest_": null,
                "_Lift_": null,
                "_CumPctResp_": null,
                "_NEventsBest_": null,
                "_CumPctRespBest_": null,
                "_Value_": null,
                "_NEvents_": null,
                "_LiftBest_": null,
                "_PartInd_": "0",
                "_Resp_": null
            },
            "rowNumber": 4
        },
        {
            "dataMap": {
                "_NObs_": null,
                "_Depth_": null,
                "_CumRespBest_": null,
                "_formattedPartition_": "           0",
                "_column_": "predict",
                "_RespBest_": null,
                "_DataRole_": "VALIDATE",
                "_CumResp_": null,
                "_PctRespBest_": null,
                "_Gain_": null,
                "_CumLift_": null,
                "_Event_": null,
                "_TargetName_": null,
                "_PctResp_": null,
                "_GainBest_": null,
                "_CumLiftBest_": null,
                "_Lift_": null,
                "_CumPctResp_": null,
                "_NEventsBest_": null,
                "_CumPctRespBest_": null,
                "_Value_": null,
                "_NEvents_": null,
                "_LiftBest_": null,
                "_PartInd_": "0",
                "_Resp_": null
            },
            "rowNumber": 5
        },
        {
            "dataMap": {
                "_NObs_": null,
                "_Depth_": null,
                "_CumRespBest_": null,
                "_formattedPartition_": "           0",
                "_column_": "predict",
                "_RespBest_": null,
                "_DataRole_": "VALIDATE",
                "_CumResp_": null,
                "_PctRespBest_": null,
                "_Gain_": null,
                "_CumLift_": null,
                "_Event_": null,
                "_TargetName_": null,
                "_PctResp_": null,
                "_GainBest_": null,
                "_CumLiftBest_": null,
                "_Lift_": null,
                "_CumPctResp_": null,
                "_NEventsBest_": null,
                "_CumPctRespBest_": null,
                "_Value_": null,
                "_NEvents_": null,
                "_LiftBest_": null,
                "_PartInd_": "0",
                "_Resp_": null
            },
            "rowNumber": 6
        },
        {
            "dataMap": {
                "_NObs_": null,
                "_Depth_": null,
                "_CumRespBest_": null,
                "_formattedPartition_": "           0",
                "_column_": "predict",
                "_RespBest_": null,
                "_DataRole_": "VALIDATE",
                "_CumResp_": null,
                "_PctRespBest_": null,
                "_Gain_": null,
                "_CumLift_": null,
                "_Event_": null,
                "_TargetName_": null,
                "_PctResp_": null,
                "_GainBest_": null,
                "_CumLiftBest_": null,
                "_Lift_": null,
                "_CumPctResp_": null,
                "_NEventsBest_": null,
                "_CumPctRespBest_": null,
                "_Value_": null,
                "_NEvents_": null,
                "_LiftBest_": null,
                "_PartInd_": "0",
                "_Resp_": null
            },
            "rowNumber": 7
        },
        {
            "dataMap": {
                "_NObs_": null,
                "_Depth_": null,
                "_CumRespBest_": null,
                "_formattedPartition_": "           0",
                "_column_": "predict",
                "_RespBest_": null,
                "_DataRole_": "VALIDATE",
                "_CumResp_": null,
                "_PctRespBest_": null,
                "_Gain_": null,
                "_CumLift_": null,
                "_Event_": null,
                "_TargetName_": null,
                "_PctResp_": null,
                "_GainBest_": null,
                "_CumLiftBest_": null,
                "_Lift_": null,
                "_CumPctResp_": null,
                "_NEventsBest_": null,
                "_CumPctRespBest_": null,
                "_Value_": null,
                "_NEvents_": null,
                "_LiftBest_": null,
                "_PartInd_": "0",
                "_Resp_": null
            },
            "rowNumber": 8
        },
        {
            "dataMap": {
                "_NObs_": null,
                "_Depth_": null,
                "_CumRespBest_": null,
                "_formattedPartition_": "           0",
                "_column_": "predict",
                "_RespBest_": null,
                "_DataRole_": "VALIDATE",
                "_CumResp_": null,
                "_PctRespBest_": null,
                "_Gain_": null,
                "_CumLift_": null,
                "_Event_": null,
                "_TargetName_": null,
                "_PctResp_": null,
                "_GainBest_": null,
                "_CumLiftBest_": null,
                "_Lift_": null,
                "_CumPctResp_": null,
                "_NEventsBest_": null,
                "_CumPctRespBest_": null,
                "_Value_": null,
                "_NEvents_": null,
                "_LiftBest_": null,
                "_PartInd_": "0",
                "_Resp_": null
            },
            "rowNumber": 9
        },
        {
            "dataMap": {
                "_NObs_": null,
                "_Depth_": null,
                "_CumRespBest_": null,
                "_formattedPartition_": "           0",
                "_column_": "predict",
                "_RespBest_": null,
                "_DataRole_": "VALIDATE",
                "_CumResp_": null,
                "_PctRespBest_": null,
                "_Gain_": null,
                "_CumLift_": null,
                "_Event_": null,
                "_TargetName_": null,
                "_PctResp_": null,
                "_GainBest_": null,
                "_CumLiftBest_": null,
                "_Lift_": null,
                "_CumPctResp_": null,
                "_NEventsBest_": null,
                "_CumPctRespBest_": null,
                "_Value_": null,
                "_NEvents_": null,
                "_LiftBest_": null,
                "_PartInd_": "0",
                "_Resp_": null
            },
            "rowNumber": 10
        },
        {
            "dataMap": {
                "_NObs_": null,
                "_Depth_": null,
                "_CumRespBest_": null,
                "_formattedPartition_": "           0",
                "_column_": "predict",
                "_RespBest_": null,
                "_DataRole_": "VALIDATE",
                "_CumResp_": null,
                "_PctRespBest_": null,
                "_Gain_": null,
                "_CumLift_": null,
                "_Event_": null,
                "_TargetName_": null,
                "_PctResp_": null,
                "_GainBest_": null,
                "_CumLiftBest_": null,
                "_Lift_": null,
                "_CumPctResp_": null,
                "_NEventsBest_": null,
                "_CumPctRespBest_": null,
                "_Value_": null,
                "_NEvents_": null,
                "_LiftBest_": null,
                "_PartInd_": "0",
                "_Resp_": null
            },
            "rowNumber": 11
        },
        {
            "dataMap": {
                "_NObs_": null,
                "_Depth_": null,
                "_CumRespBest_": null,
                "_formattedPartition_": "           0",
                "_column_": "predict",
                "_RespBest_": null,
                "_DataRole_": "VALIDATE",
                "_CumResp_": null,
                "_PctRespBest_": null,
                "_Gain_": null,
                "_CumLift_": null,
                "_Event_": null,
                "_TargetName_": null,
                "_PctResp_": null,
                "_GainBest_": null,
                "_CumLiftBest_": null,
                "_Lift_": null,
                "_CumPctResp_": null,
                "_NEventsBest_": null,
                "_CumPctRespBest_": null,
                "_Value_": null,
                "_NEvents_": null,
                "_LiftBest_": null,
                "_PartInd_": "0",
                "_Resp_": null
            },
            "rowNumber": 12
        },
        {
            "dataMap": {
                "_NObs_": null,
                "_Depth_": null,
                "_CumRespBest_": null,
                "_formattedPartition_": "           0",
                "_column_": "predict",
                "_RespBest_": null,
                "_DataRole_": "VALIDATE",
                "_CumResp_": null,
                "_PctRespBest_": null,
                "_Gain_": null,
                "_CumLift_": null,
                "_Event_": null,
                "_TargetName_": null,
                "_PctResp_": null,
                "_GainBest_": null,
                "_CumLiftBest_": null,
                "_Lift_": null,
                "_CumPctResp_": null,
                "_NEventsBest_": null,
                "_CumPctRespBest_": null,
                "_Value_": null,
                "_NEvents_": null,
                "_LiftBest_": null,
                "_PartInd_": "0",
                "_Resp_": null
            },
            "rowNumber": 13
        },
        {
            "dataMap": {
                "_NObs_": null,
                "_Depth_": null,
                "_CumRespBest_": null,
                "_formattedPartition_": "           0",
                "_column_": "predict",
                "_RespBest_": null,
                "_DataRole_": "VALIDATE",
                "_CumResp_": null,
                "_PctRespBest_": null,
                "_Gain_": null,
                "_CumLift_": null,
                "_Event_": null,
                "_TargetName_": null,
                "_PctResp_": null,
                "_GainBest_": null,
                "_CumLiftBest_": null,
                "_Lift_": null,
                "_CumPctResp_": null,
                "_NEventsBest_": null,
                "_CumPctRespBest_": null,
                "_Value_": null,
                "_NEvents_": null,
                "_LiftBest_": null,
                "_PartInd_": "0",
                "_Resp_": null
            },
            "rowNumber": 14
        },
        {
            "dataMap": {
                "_NObs_": null,
                "_Depth_": null,
                "_CumRespBest_": null,
                "_formattedPartition_": "           0",
                "_column_": "predict",
                "_RespBest_": null,
                "_DataRole_": "VALIDATE",
                "_CumResp_": null,
                "_PctRespBest_": null,
                "_Gain_": null,
                "_CumLift_": null,
                "_Event_": null,
                "_TargetName_": null,
                "_PctResp_": null,
                "_GainBest_": null,
                "_CumLiftBest_": null,
                "_Lift_": null,
                "_CumPctResp_": null,
                "_NEventsBest_": null,
                "_CumPctRespBest_": null,
                "_Value_": null,
                "_NEvents_": null,
                "_LiftBest_": null,
                "_PartInd_": "0",
                "_Resp_": null
            },
            "rowNumber": 15
        },
        {
            "dataMap": {
                "_NObs_": null,
                "_Depth_": null,
                "_CumRespBest_": null,
                "_formattedPartition_": "           0",
                "_column_": "predict",
                "_RespBest_": null,
                "_DataRole_": "VALIDATE",
                "_CumResp_": null,
                "_PctRespBest_": null,
                "_Gain_": null,
                "_CumLift_": null,
                "_Event_": null,
                "_TargetName_": null,
                "_PctResp_": null,
                "_GainBest_": null,
                "_CumLiftBest_": null,
                "_Lift_": null,
                "_CumPctResp_": null,
                "_NEventsBest_": null,
                "_CumPctRespBest_": null,
                "_Value_": null,
                "_NEvents_": null,
                "_LiftBest_": null,
                "_PartInd_": "0",
                "_Resp_": null
            },
            "rowNumber": 16
        },
        {
            "dataMap": {
                "_NObs_": null,
                "_Depth_": null,
                "_CumRespBest_": null,
                "_formattedPartition_": "           0",
                "_column_": "predict",
                "_RespBest_": null,
                "_DataRole_": "VALIDATE",
                "_CumResp_": null,
                "_PctRespBest_": null,
                "_Gain_": null,
                "_CumLift_": null,
                "_Event_": null,
                "_TargetName_": null,
                "_PctResp_": null,
                "_GainBest_": null,
                "_CumLiftBest_": null,
                "_Lift_": null,
                "_CumPctResp_": null,
                "_NEventsBest_": null,
                "_CumPctRespBest_": null,
                "_Value_": null,
                "_NEvents_": null,
                "_LiftBest_": null,
                "_PartInd_": "0",
                "_Resp_": null
            },
            "rowNumber": 17
        },
        {
            "dataMap": {
                "_NObs_": null,
                "_Depth_": null,
                "_CumRespBest_": null,
                "_formattedPartition_": "           0",
                "_column_": "predict",
                "_RespBest_": null,
                "_DataRole_": "VALIDATE",
                "_CumResp_": null,
                "_PctRespBest_": null,
                "_Gain_": null,
                "_CumLift_": null,
                "_Event_": null,
                "_TargetName_": null,
                "_PctResp_": null,
                "_GainBest_": null,
                "_CumLiftBest_": null,
                "_Lift_": null,
                "_CumPctResp_": null,
                "_NEventsBest_": null,
                "_CumPctRespBest_": null,
                "_Value_": null,
                "_NEvents_": null,
                "_LiftBest_": null,
                "_PartInd_": "0",
                "_Resp_": null
            },
            "rowNumber": 18
        },
        {
            "dataMap": {
                "_NObs_": null,
                "_Depth_": null,
                "_CumRespBest_": null,
                "_formattedPartition_": "           0",
                "_column_": "predict",
                "_RespBest_": null,
                "_DataRole_": "VALIDATE",
                "_CumResp_": null,
                "_PctRespBest_": null,
                "_Gain_": null,
                "_CumLift_": null,
                "_Event_": null,
                "_TargetName_": null,
                "_PctResp_": null,
                "_GainBest_": null,
                "_CumLiftBest_": null,
                "_Lift_": null,
                "_CumPctResp_": null,
                "_NEventsBest_": null,
                "_CumPctRespBest_": null,
                "_Value_": null,
                "_NEvents_": null,
                "_LiftBest_": null,
                "_PartInd_": "0",
                "_Resp_": null
            },
            "rowNumber": 19
        },
        {
            "dataMap": {
                "_NObs_": null,
                "_Depth_": null,
                "_CumRespBest_": null,
                "_formattedPartition_": "           0",
                "_column_": "predict",
                "_RespBest_": null,
                "_DataRole_": "VALIDATE",
                "_CumResp_": null,
                "_PctRespBest_": null,
                "_Gain_": null,
                "_CumLift_": null,
                "_Event_": null,
                "_TargetName_": null,
                "_PctResp_": null,
                "_GainBest_": null,
                "_CumLiftBest_": null,
                "_Lift_": null,
                "_CumPctResp_": null,
                "_NEventsBest_": null,
                "_CumPctRespBest_": null,
                "_Value_": null,
                "_NEvents_": null,
                "_LiftBest_": null,
                "_PartInd_": "0",
                "_Resp_": null
            },
            "rowNumber": 20
        },
        {
            "dataMap": {
                "_NObs_": null,
                "_Depth_": null,
                "_CumRespBest_": null,
                "_formattedPartition_": "           0",
                "_column_": "predict",
                "_RespBest_": null,
                "_DataRole_": "VALIDATE",
                "_CumResp_": null,
                "_PctRespBest_": null,
                "_Gain_": null,
                "_CumLift_": null,
                "_Event_": null,
                "_TargetName_": null,
                "_PctResp_": null,
                "_GainBest_": null,
                "_CumLiftBest_": null,
                "_Lift_": null,
                "_CumPctResp_": null,
                "_NEventsBest_": null,
                "_CumPctRespBest_": null,
                "_Value_": null,
                "_NEvents_": null,
                "_LiftBest_": null,
                "_PartInd_": "0",
                "_Resp_": null
            },
            "rowNumber": 21
        },
        {
            "dataMap": {
                "_NObs_": "0",
                "_Depth_": "0",
                "_CumRespBest_": "0",
                "_formattedPartition_": "           1",
                "_column_": "predict",
                "_RespBest_": "0",
                "_DataRole_": "TRAIN",
                "_CumResp_": "0",
                "_Event_": null,
                "_TargetName_": null,
                "_NEventsBest_": "0",
                "_Value_": "0",
                "_NEvents_": "0",
                "_PartInd_": "1",
                "_Resp_": "0"
            },
            "rowNumber": 22
        },
        {
            "dataMap": {
                "_NObs_": 209.0,
                "_Depth_": 5.0,
                "_CumRespBest_": 100.0,
                "_formattedPartition_": "           1",
                "_column_": "predict",
                "_RespBest_": 100.0,
                "_DataRole_": "TRAIN",
                "_CumResp_": 24.8657402052315,
                "_PctRespBest_": 34.9282296650717,
                "_Gain_": 3.97314804104631,
                "_CumLift_": 4.97314804104631,
                "_Event_": "1",
                "_TargetName_": null,
                "_PctResp_": 8.68516284680337,
                "_GainBest_": 19.0,
                "_CumLiftBest_": 20.0,
                "_Lift_": 4.97314804104631,
                "_CumPctResp_": 8.68516284680337,
                "_NEventsBest_": 73.0,
                "_CumPctRespBest_": 34.9282296650717,
                "_Value_": 1.0,
                "_NEvents_": 18.151990349819,
                "_LiftBest_": 20.0,
                "_PartInd_": "1",
                "_Resp_": 24.8657402052315,
                "_Column_": "actual"
            },
            "rowNumber": 23
        },
        {
            "dataMap": {
                "_NObs_": 209.0,
                "_Depth_": 10.0,
                "_CumRespBest_": 100.0,
                "_formattedPartition_": "           1",
                "_column_": "predict",
                "_RespBest_": 0.0,
                "_DataRole_": "TRAIN",
                "_CumResp_": 49.7314804104631,
                "_PctRespBest_": 0.0,
                "_Gain_": 3.97314804104631,
                "_CumLift_": 4.97314804104631,
                "_Event_": "1",
                "_TargetName_": null,
                "_PctResp_": 8.68516284680337,
                "_GainBest_": 9.0,
                "_CumLiftBest_": 10.0,
                "_Lift_": 4.97314804104631,
                "_CumPctResp_": 8.68516284680337,
                "_NEventsBest_": 0.0,
                "_CumPctRespBest_": 17.4641148325358,
                "_Value_": 1.0,
                "_NEvents_": 18.151990349819,
                "_LiftBest_": 0.0,
                "_PartInd_": "1",
                "_Resp_": 24.8657402052315,
                "_Column_": "actual"
            },
            "rowNumber": 24
        },
        {
            "dataMap": {
                "_NObs_": 209.0,
                "_Depth_": 15.0,
                "_CumRespBest_": 100.0,
                "_formattedPartition_": "           1",
                "_column_": "predict",
                "_RespBest_": 0.0,
                "_DataRole_": "TRAIN",
                "_CumResp_": 74.5972206156947,
                "_PctRespBest_": 0.0,
                "_Gain_": 3.97314804104631,
                "_CumLift_": 4.97314804104631,
                "_Event_": "1",
                "_TargetName_": null,
                "_PctResp_": 8.68516284680337,
                "_GainBest_": 5.66666666666666,
                "_CumLiftBest_": 6.66666666666666,
                "_Lift_": 4.97314804104631,
                "_CumPctResp_": 8.68516284680337,
                "_NEventsBest_": 0.0,
                "_CumPctRespBest_": 11.6427432216905,
                "_Value_": 1.0,
                "_NEvents_": 18.151990349819,
                "_LiftBest_": 0.0,
                "_PartInd_": "1",
                "_Resp_": 24.8657402052315,
                "_Column_": "actual"
            },
            "rowNumber": 25
        },
        {
            "dataMap": {
                "_NObs_": 209.0,
                "_Depth_": 20.0,
                "_CumRespBest_": 100.0,
                "_formattedPartition_": "           1",
                "_column_": "predict",
                "_RespBest_": 0.0,
                "_DataRole_": "TRAIN",
                "_CumResp_": 98.6330053802876,
                "_PctRespBest_": 0.0,
                "_Gain_": 3.93165026901437,
                "_CumLift_": 4.93165026901437,
                "_Event_": "1",
                "_TargetName_": null,
                "_PctResp_": 8.3952741043793,
                "_GainBest_": 4.0,
                "_CumLiftBest_": 5.0,
                "_Lift_": 4.80715695291856,
                "_CumPctResp_": 8.61269066119736,
                "_NEventsBest_": 0.0,
                "_CumPctRespBest_": 8.73205741626794,
                "_Value_": 0.0,
                "_NEvents_": 17.5461228781527,
                "_LiftBest_": 0.0,
                "_PartInd_": "1",
                "_Resp_": 24.0357847645928,
                "_Column_": "actual"
            },
            "rowNumber": 26
        },
        {
            "dataMap": {
                "_NObs_": 209.0,
                "_Depth_": 25.0,
                "_CumRespBest_": 100.0,
                "_formattedPartition_": "           1",
                "_column_": "predict",
                "_RespBest_": 0.0,
                "_DataRole_": "TRAIN",
                "_CumResp_": 98.7186474293043,
                "_PctRespBest_": 0.0,
                "_Gain_": 2.94874589717217,
                "_CumLift_": 3.94874589717217,
                "_Event_": "1",
                "_TargetName_": null,
                "_PctResp_": 0.02991325157044,
                "_GainBest_": 3.0,
                "_CumLiftBest_": 4.0,
                "_Lift_": 0.01712840980335,
                "_CumPctResp_": 6.89613517927197,
                "_NEventsBest_": 0.0,
                "_CumPctRespBest_": 6.98564593301435,
                "_Value_": 0.0,
                "_NEvents_": 0.06251869578223,
                "_LiftBest_": 0.0,
                "_PartInd_": "1",
                "_Resp_": 0.08564204901675,
                "_Column_": "actual"
            },
            "rowNumber": 27
        },
        {
            "dataMap": {
                "_NObs_": 209.0,
                "_Depth_": 30.0,
                "_CumRespBest_": 100.0,
                "_formattedPartition_": "           1",
                "_column_": "predict",
                "_RespBest_": 0.0,
                "_DataRole_": "TRAIN",
                "_CumResp_": 98.8042894783211,
                "_PctRespBest_": 0.0,
                "_Gain_": 2.29347631594403,
                "_CumLift_": 3.29347631594403,
                "_Event_": "1",
                "_TargetName_": null,
                "_PctResp_": 0.02991325157044,
                "_GainBest_": 2.33333333333333,
                "_CumLiftBest_": 3.33333333333333,
                "_Lift_": 0.01712840980335,
                "_CumPctResp_": 5.75176485798838,
                "_NEventsBest_": 0.0,
                "_CumPctRespBest_": 5.82137161084529,
                "_Value_": 0.0,
                "_NEvents_": 0.06251869578223,
                "_LiftBest_": 0.0,
                "_PartInd_": "1",
                "_Resp_": 0.08564204901675,
                "_Column_": "actual"
            },
            "rowNumber": 28
        },
        {
            "dataMap": {
                "_NObs_": 209.0,
                "_Depth_": 35.0,
                "_CumRespBest_": 100.0,
                "_formattedPartition_": "           1",
                "_column_": "predict",
                "_RespBest_": 0.0,
                "_DataRole_": "TRAIN",
                "_CumResp_": 98.8899315273378,
                "_PctRespBest_": 0.0,
                "_Gain_": 1.82542661506679,
                "_CumLift_": 2.82542661506679,
                "_Event_": "1",
                "_TargetName_": null,
                "_PctResp_": 0.02991325157044,
                "_GainBest_": 1.85714285714285,
                "_CumLiftBest_": 2.85714285714285,
                "_Lift_": 0.01712840980335,
                "_CumPctResp_": 4.93435748564296,
                "_NEventsBest_": 0.0,
                "_CumPctRespBest_": 4.98974709501025,
                "_Value_": 0.0,
                "_NEvents_": 0.06251869578223,
                "_LiftBest_": 0.0,
                "_PartInd_": "1",
                "_Resp_": 0.08564204901675,
                "_Column_": "actual"
            },
            "rowNumber": 29
        },
        {
            "dataMap": {
                "_NObs_": 209.0,
                "_Depth_": 40.0,
                "_CumRespBest_": 100.0,
                "_formattedPartition_": "           1",
                "_column_": "predict",
                "_RespBest_": 0.0,
                "_DataRole_": "TRAIN",
                "_CumResp_": 98.9755735763546,
                "_PctRespBest_": 0.0,
                "_Gain_": 1.47438933940886,
                "_CumLift_": 2.47438933940886,
                "_Event_": "1",
                "_TargetName_": null,
                "_PctResp_": 0.02991325157044,
                "_GainBest_": 1.5,
                "_CumLiftBest_": 2.5,
                "_Lift_": 0.01712840980335,
                "_CumPctResp_": 4.3213019563839,
                "_NEventsBest_": 0.0,
                "_CumPctRespBest_": 4.36602870813397,
                "_Value_": 0.0,
                "_NEvents_": 0.06251869578223,
                "_LiftBest_": 0.0,
                "_PartInd_": "1",
                "_Resp_": 0.08564204901675,
                "_Column_": "actual"
            },
            "rowNumber": 30
        },
        {
            "dataMap": {
                "_NObs_": 209.0,
                "_Depth_": 45.0,
                "_CumRespBest_": 100.0,
                "_formattedPartition_": "           1",
                "_column_": "predict",
                "_RespBest_": 0.0,
                "_DataRole_": "TRAIN",
                "_CumResp_": 99.0612156253713,
                "_PctRespBest_": 0.0,
                "_Gain_": 1.20136034723047,
                "_CumLift_": 2.20136034723047,
                "_Event_": "1",
                "_TargetName_": null,
                "_PctResp_": 0.02991325157044,
                "_GainBest_": 1.22222222222222,
                "_CumLiftBest_": 2.22222222222222,
                "_Lift_": 0.01712840980335,
                "_CumPctResp_": 3.8444809891824,
                "_NEventsBest_": 0.0,
                "_CumPctRespBest_": 3.88091440723019,
                "_Value_": 0.0,
                "_NEvents_": 0.06251869578223,
                "_LiftBest_": 0.0,
                "_PartInd_": "1",
                "_Resp_": 0.08564204901675,
                "_Column_": "actual"
            },
            "rowNumber": 31
        },
        {
            "dataMap": {
                "_NObs_": 209.0,
                "_Depth_": 50.0,
                "_CumRespBest_": 100.0,
                "_formattedPartition_": "           1",
                "_column_": "predict",
                "_RespBest_": 0.0,
                "_DataRole_": "TRAIN",
                "_CumResp_": 99.1468576743881,
                "_PctRespBest_": 0.0,
                "_Gain_": 0.98293715348776,
                "_CumLift_": 1.98293715348776,
                "_Event_": "1",
                "_TargetName_": null,
                "_PctResp_": 0.02991325157044,
                "_GainBest_": 1.0,
                "_CumLiftBest_": 2.0,
                "_Lift_": 0.01712840980335,
                "_CumPctResp_": 3.46302421542121,
                "_NEventsBest_": 0.0,
                "_CumPctRespBest_": 3.49282296650717,
                "_Value_": 0.0,
                "_NEvents_": 0.06251869578223,
                "_LiftBest_": 0.0,
                "_PartInd_": "1",
                "_Resp_": 0.08564204901675,
                "_Column_": "actual"
            },
            "rowNumber": 32
        },
        {
            "dataMap": {
                "_NObs_": 209.0,
                "_Depth_": 55.0,
                "_CumRespBest_": 100.0,
                "_formattedPartition_": "           1",
                "_column_": "predict",
                "_RespBest_": 0.0,
                "_DataRole_": "TRAIN",
                "_CumResp_": 99.2324997234048,
                "_PctRespBest_": 0.0,
                "_Gain_": 0.80422726769827,
                "_CumLift_": 1.80422726769827,
                "_Event_": "1",
                "_TargetName_": null,
                "_PctResp_": 0.02991325157044,
                "_GainBest_": 0.81818181818181,
                "_CumLiftBest_": 1.81818181818181,
                "_Lift_": 0.01712840980335,
                "_CumPctResp_": 3.1509232187075,
                "_NEventsBest_": 0.0,
                "_CumPctRespBest_": 3.17529360591561,
                "_Value_": 0.0,
                "_NEvents_": 0.06251869578223,
                "_LiftBest_": 0.0,
                "_PartInd_": "1",
                "_Resp_": 0.08564204901675,
                "_Column_": "actual"
            },
            "rowNumber": 33
        },
        {
            "dataMap": {
                "_NObs_": 209.0,
                "_Depth_": 60.0,
                "_CumRespBest_": 100.0,
                "_formattedPartition_": "           1",
                "_column_": "predict",
                "_RespBest_": 0.0,
                "_DataRole_": "TRAIN",
                "_CumResp_": 99.3181417724216,
                "_PctRespBest_": 0.0,
                "_Gain_": 0.65530236287369,
                "_CumLift_": 1.65530236287369,
                "_Event_": "1",
                "_TargetName_": null,
                "_PctResp_": 0.02991325157044,
                "_GainBest_": 0.66666666666666,
                "_CumLiftBest_": 1.66666666666666,
                "_Lift_": 0.01712840980335,
                "_CumPctResp_": 2.89083905477941,
                "_NEventsBest_": 0.0,
                "_CumPctRespBest_": 2.91068580542264,
                "_Value_": 0.0,
                "_NEvents_": 0.06251869578223,
                "_LiftBest_": 0.0,
                "_PartInd_": "1",
                "_Resp_": 0.08564204901675,
                "_Column_": "actual"
            },
            "rowNumber": 34
        },
        {
            "dataMap": {
                "_NObs_": 209.0,
                "_Depth_": 65.0,
                "_CumRespBest_": 100.0,
                "_formattedPartition_": "           1",
                "_column_": "predict",
                "_RespBest_": 0.0,
                "_DataRole_": "TRAIN",
                "_CumResp_": 99.4037838214384,
                "_PctRespBest_": 0.0,
                "_Gain_": 0.52928898186828,
                "_CumLift_": 1.52928898186828,
                "_Event_": "1",
                "_TargetName_": null,
                "_PctResp_": 0.02991325157044,
                "_GainBest_": 0.53846153846153,
                "_CumLiftBest_": 1.53846153846153,
                "_Lift_": 0.01712840980335,
                "_CumPctResp_": 2.67076783914795,
                "_NEventsBest_": 0.0,
                "_CumPctRespBest_": 2.68678689731321,
                "_Value_": 0.0,
                "_NEvents_": 0.06251869578223,
                "_LiftBest_": 0.0,
                "_PartInd_": "1",
                "_Resp_": 0.08564204901675,
                "_Column_": "actual"
            },
            "rowNumber": 35
        },
        {
            "dataMap": {
                "_NObs_": 209.0,
                "_Depth_": 70.0,
                "_CumRespBest_": 100.0,
                "_formattedPartition_": "           1",
                "_column_": "predict",
                "_RespBest_": 0.0,
                "_DataRole_": "TRAIN",
                "_CumResp_": 99.4894258704551,
                "_PctRespBest_": 0.0,
                "_Gain_": 0.42127751243507,
                "_CumLift_": 1.42127751243507,
                "_Event_": "1",
                "_TargetName_": null,
                "_PctResp_": 0.02991325157044,
                "_GainBest_": 0.42857142857142,
                "_CumLiftBest_": 1.42857142857142,
                "_Lift_": 0.01712840980335,
                "_CumPctResp_": 2.4821353686067,
                "_NEventsBest_": 0.0,
                "_CumPctRespBest_": 2.49487354750512,
                "_Value_": 0.0,
                "_NEvents_": 0.06251869578223,
                "_LiftBest_": 0.0,
                "_PartInd_": "1",
                "_Resp_": 0.08564204901675,
                "_Column_": "actual"
            },
            "rowNumber": 36
        },
        {
            "dataMap": {
                "_NObs_": 209.0,
                "_Depth_": 75.0,
                "_CumRespBest_": 100.0,
                "_formattedPartition_": "           1",
                "_column_": "predict",
                "_RespBest_": 0.0,
                "_DataRole_": "TRAIN",
                "_CumResp_": 99.5750679194719,
                "_PctRespBest_": 0.0,
                "_Gain_": 0.32766757225962,
                "_CumLift_": 1.32766757225962,
                "_Event_": "1",
                "_TargetName_": null,
                "_PctResp_": 0.02991325157044,
                "_GainBest_": 0.33333333333333,
                "_CumLiftBest_": 1.33333333333333,
                "_Lift_": 0.01712840980335,
                "_CumPctResp_": 2.31865389413762,
                "_NEventsBest_": 0.0,
                "_CumPctRespBest_": 2.32854864433811,
                "_Value_": 0.0,
                "_NEvents_": 0.06251869578223,
                "_LiftBest_": 0.0,
                "_PartInd_": "1",
                "_Resp_": 0.08564204901675,
                "_Column_": "actual"
            },
            "rowNumber": 37
        },
        {
            "dataMap": {
                "_NObs_": 209.0,
                "_Depth_": 80.0,
                "_CumRespBest_": 100.0,
                "_formattedPartition_": "           1",
                "_column_": "predict",
                "_RespBest_": 0.0,
                "_DataRole_": "TRAIN",
                "_CumResp_": 99.6607099684886,
                "_PctRespBest_": 0.0,
                "_Gain_": 0.2457588746061,
                "_CumLift_": 1.2457588746061,
                "_Event_": "1",
                "_TargetName_": null,
                "_PctResp_": 0.02991325157044,
                "_GainBest_": 0.25,
                "_CumLiftBest_": 1.25,
                "_Lift_": 0.01712840980335,
                "_CumPctResp_": 2.17560760397717,
                "_NEventsBest_": 0.0,
                "_CumPctRespBest_": 2.18301435406698,
                "_Value_": 0.0,
                "_NEvents_": 0.06251869578223,
                "_LiftBest_": 0.0,
                "_PartInd_": "1",
                "_Resp_": 0.08564204901675,
                "_Column_": "actual"
            },
            "rowNumber": 38
        },
        {
            "dataMap": {
                "_NObs_": 209.0,
                "_Depth_": 85.0,
                "_CumRespBest_": 100.0,
                "_formattedPartition_": "           1",
                "_column_": "predict",
                "_RespBest_": 0.0,
                "_DataRole_": "TRAIN",
                "_CumResp_": 99.7463520175054,
                "_PctRespBest_": 0.0,
                "_Gain_": 0.17348649432359,
                "_CumLift_": 1.17348649432359,
                "_Event_": "1",
                "_TargetName_": null,
                "_PctResp_": 0.02991325157044,
                "_GainBest_": 0.17647058823529,
                "_CumLiftBest_": 1.17647058823529,
                "_Lift_": 0.01712840980335,
                "_CumPctResp_": 2.04939028912971,
                "_NEventsBest_": 0.0,
                "_CumPctRespBest_": 2.05460174500422,
                "_Value_": 0.0,
                "_NEvents_": 0.06251869578223,
                "_LiftBest_": 0.0,
                "_PartInd_": "1",
                "_Resp_": 0.08564204901675,
                "_Column_": "actual"
            },
            "rowNumber": 39
        },
        {
            "dataMap": {
                "_NObs_": 209.0,
                "_Depth_": 90.0,
                "_CumRespBest_": 100.0,
                "_formattedPartition_": "           1",
                "_column_": "predict",
                "_RespBest_": 0.0,
                "_DataRole_": "TRAIN",
                "_CumResp_": 99.8319940665221,
                "_PctRespBest_": 0.0,
                "_Gain_": 0.10924437851691,
                "_CumLift_": 1.10924437851691,
                "_Event_": "1",
                "_TargetName_": null,
                "_PctResp_": 0.02991325157044,
                "_GainBest_": 0.11111111111111,
                "_CumLiftBest_": 1.11111111111111,
                "_Lift_": 0.01712840980335,
                "_CumPctResp_": 1.93719712037642,
                "_NEventsBest_": 0.0,
                "_CumPctRespBest_": 1.94045720361509,
                "_Value_": 0.0,
                "_NEvents_": 0.06251869578223,
                "_LiftBest_": 0.0,
                "_PartInd_": "1",
                "_Resp_": 0.08564204901675,
                "_Column_": "actual"
            },
            "rowNumber": 40
        },
        {
            "dataMap": {
                "_NObs_": 209.0,
                "_Depth_": 95.0,
                "_CumRespBest_": 100.0,
                "_formattedPartition_": "           1",
                "_column_": "predict",
                "_RespBest_": 0.0,
                "_DataRole_": "TRAIN",
                "_CumResp_": 99.9176361155389,
                "_PctRespBest_": 0.0,
                "_Gain_": 0.05176459068988,
                "_CumLift_": 1.05176459068988,
                "_Event_": "1",
                "_TargetName_": null,
                "_PctResp_": 0.02991325157044,
                "_GainBest_": 0.05263157894736,
                "_CumLiftBest_": 1.05263157894736,
                "_Lift_": 0.01712840980335,
                "_CumPctResp_": 1.83681375886032,
                "_NEventsBest_": 0.0,
                "_CumPctRespBest_": 1.83832787710904,
                "_Value_": 0.0,
                "_NEvents_": 0.06251869578223,
                "_LiftBest_": 0.0,
                "_PartInd_": "1",
                "_Resp_": 0.08564204901675,
                "_Column_": "actual"
            },
            "rowNumber": 41
        },
        {
            "dataMap": {
                "_NObs_": 201.0,
                "_Depth_": 100.0,
                "_CumRespBest_": 100.0,
                "_formattedPartition_": "           1",
                "_column_": "predict",
                "_RespBest_": 0.0,
                "_DataRole_": "TRAIN",
                "_CumResp_": 100.0,
                "_PctRespBest_": 0.0,
                "_Gain_": -1.1102230246251e-16,
                "_CumLift_": 1.0,
                "_Event_": "1",
                "_TargetName_": null,
                "_PctResp_": 0.02991325157044,
                "_GainBest_": 0.0,
                "_CumLiftBest_": 1.0,
                "_Lift_": 0.01647277689221,
                "_CumPctResp_": 1.74976030680728,
                "_NEventsBest_": 0.0,
                "_CumPctRespBest_": 1.74976030680728,
                "_Value_": 0.0,
                "_NEvents_": 0.06012563565659,
                "_LiftBest_": 0.0,
                "_PartInd_": "1",
                "_Resp_": 0.08236388446109,
                "_Column_": "actual"
            },
            "rowNumber": 42
        },
        {
            "dataMap": {
                "_NObs_": "0",
                "_Depth_": "0",
                "_CumRespBest_": "0",
                "_formattedPartition_": "           2",
                "_column_": "predict",
                "_RespBest_": "0",
                "_DataRole_": "TEST",
                "_CumResp_": "0",
                "_Event_": null,
                "_TargetName_": null,
                "_NEventsBest_": "0",
                "_Value_": "0",
                "_NEvents_": "0",
                "_PartInd_": "2",
                "_Resp_": "0"
            },
            "rowNumber": 43
        },
        {
            "dataMap": {
                "_NObs_": 90.0,
                "_Depth_": 5.0,
                "_CumRespBest_": 100.0,
                "_formattedPartition_": "           2",
                "_column_": "predict",
                "_RespBest_": 100.0,
                "_DataRole_": "TEST",
                "_CumResp_": 24.375,
                "_PctRespBest_": 44.4444444444444,
                "_Gain_": 3.875,
                "_CumLift_": 4.875,
                "_Event_": "1",
                "_TargetName_": null,
                "_PctResp_": 10.8333333333333,
                "_GainBest_": 19.0,
                "_CumLiftBest_": 20.0,
                "_Lift_": 4.875,
                "_CumPctResp_": 10.8333333333333,
                "_NEventsBest_": 40.0,
                "_CumPctRespBest_": 44.4444444444444,
                "_Value_": 1.0,
                "_NEvents_": 9.75,
                "_LiftBest_": 20.0,
                "_PartInd_": "2",
                "_Resp_": 24.375,
                "_Column_": "actual"
            },
            "rowNumber": 44
        },
        {
            "dataMap": {
                "_NObs_": 90.0,
                "_Depth_": 10.0,
                "_CumRespBest_": 100.0,
                "_formattedPartition_": "           2",
                "_column_": "predict",
                "_RespBest_": 0.0,
                "_DataRole_": "TEST",
                "_CumResp_": 48.75,
                "_PctRespBest_": 0.0,
                "_Gain_": 3.875,
                "_CumLift_": 4.875,
                "_Event_": "1",
                "_TargetName_": null,
                "_PctResp_": 10.8333333333333,
                "_GainBest_": 9.0,
                "_CumLiftBest_": 10.0,
                "_Lift_": 4.875,
                "_CumPctResp_": 10.8333333333333,
                "_NEventsBest_": 0.0,
                "_CumPctRespBest_": 22.2222222222222,
                "_Value_": 1.0,
                "_NEvents_": 9.75,
                "_LiftBest_": 0.0,
                "_PartInd_": "2",
                "_Resp_": 24.375,
                "_Column_": "actual"
            },
            "rowNumber": 45
        },
        {
            "dataMap": {
                "_NObs_": 90.0,
                "_Depth_": 15.0,
                "_CumRespBest_": 100.0,
                "_formattedPartition_": "           2",
                "_column_": "predict",
                "_RespBest_": 0.0,
                "_DataRole_": "TEST",
                "_CumResp_": 73.125,
                "_PctRespBest_": 0.0,
                "_Gain_": 3.875,
                "_CumLift_": 4.875,
                "_Event_": "1",
                "_TargetName_": null,
                "_PctResp_": 10.8333333333333,
                "_GainBest_": 5.66666666666666,
                "_CumLiftBest_": 6.66666666666666,
                "_Lift_": 4.875,
                "_CumPctResp_": 10.8333333333333,
                "_NEventsBest_": 0.0,
                "_CumPctRespBest_": 14.8148148148148,
                "_Value_": 1.0,
                "_NEvents_": 9.75,
                "_LiftBest_": 0.0,
                "_PartInd_": "2",
                "_Resp_": 24.375,
                "_Column_": "actual"
            },
            "rowNumber": 46
        },
        {
            "dataMap": {
                "_NObs_": 90.0,
                "_Depth_": 20.0,
                "_CumRespBest_": 100.0,
                "_formattedPartition_": "           2",
                "_column_": "predict",
                "_RespBest_": 0.0,
                "_DataRole_": "TEST",
                "_CumResp_": 97.5,
                "_PctRespBest_": 0.0,
                "_Gain_": 3.875,
                "_CumLift_": 4.875,
                "_Event_": "1",
                "_TargetName_": null,
                "_PctResp_": 10.8333333333333,
                "_GainBest_": 4.0,
                "_CumLiftBest_": 5.0,
                "_Lift_": 4.875,
                "_CumPctResp_": 10.8333333333333,
                "_NEventsBest_": 0.0,
                "_CumPctRespBest_": 11.1111111111111,
                "_Value_": 0.5,
                "_NEvents_": 9.75,
                "_LiftBest_": 0.0,
                "_PartInd_": "2",
                "_Resp_": 24.375,
                "_Column_": "actual"
            },
            "rowNumber": 47
        },
        {
            "dataMap": {
                "_NObs_": 90.0,
                "_Depth_": 25.0,
                "_CumRespBest_": 100.0,
                "_formattedPartition_": "           2",
                "_column_": "predict",
                "_RespBest_": 0.0,
                "_DataRole_": "TEST",
                "_CumResp_": 97.6575630252101,
                "_PctRespBest_": 0.0,
                "_Gain_": 2.9063025210084,
                "_CumLift_": 3.9063025210084,
                "_Event_": "1",
                "_TargetName_": null,
                "_PctResp_": 0.07002801120448,
                "_GainBest_": 3.0,
                "_CumLiftBest_": 4.0,
                "_Lift_": 0.03151260504201,
                "_CumPctResp_": 8.68067226890756,
                "_NEventsBest_": 0.0,
                "_CumPctRespBest_": 8.88888888888889,
                "_Value_": 0.0,
                "_NEvents_": 0.06302521008403,
                "_LiftBest_": 0.0,
                "_PartInd_": "2",
                "_Resp_": 0.15756302521008,
                "_Column_": "actual"
            },
            "rowNumber": 48
        },
        {
            "dataMap": {
                "_NObs_": 90.0,
                "_Depth_": 30.0,
                "_CumRespBest_": 100.0,
                "_formattedPartition_": "           2",
                "_column_": "predict",
                "_RespBest_": 0.0,
                "_DataRole_": "TEST",
                "_CumResp_": 97.8151260504201,
                "_PctRespBest_": 0.0,
                "_Gain_": 2.26050420168067,
                "_CumLift_": 3.26050420168067,
                "_Event_": "1",
                "_TargetName_": null,
                "_PctResp_": 0.07002801120448,
                "_GainBest_": 2.33333333333333,
                "_CumLiftBest_": 3.33333333333333,
                "_Lift_": 0.03151260504201,
                "_CumPctResp_": 7.24556489262371,
                "_NEventsBest_": 0.0,
                "_CumPctRespBest_": 7.4074074074074,
                "_Value_": 0.0,
                "_NEvents_": 0.06302521008403,
                "_LiftBest_": 0.0,
                "_PartInd_": "2",
                "_Resp_": 0.15756302521008,
                "_Column_": "actual"
            },
            "rowNumber": 49
        },
        {
            "dataMap": {
                "_NObs_": 90.0,
                "_Depth_": 35.0,
                "_CumRespBest_": 100.0,
                "_formattedPartition_": "           2",
                "_column_": "predict",
                "_RespBest_": 0.0,
                "_DataRole_": "TEST",
                "_CumResp_": 97.9726890756302,
                "_PctRespBest_": 0.0,
                "_Gain_": 1.79921968787515,
                "_CumLift_": 2.79921968787515,
                "_Event_": "1",
                "_TargetName_": null,
                "_PctResp_": 0.07002801120448,
                "_GainBest_": 1.85714285714285,
                "_CumLiftBest_": 2.85714285714285,
                "_Lift_": 0.03151260504201,
                "_CumPctResp_": 6.22048819527811,
                "_NEventsBest_": 0.0,
                "_CumPctRespBest_": 6.34920634920635,
                "_Value_": 0.0,
                "_NEvents_": 0.06302521008403,
                "_LiftBest_": 0.0,
                "_PartInd_": "2",
                "_Resp_": 0.15756302521008,
                "_Column_": "actual"
            },
            "rowNumber": 50
        },
        {
            "dataMap": {
                "_NObs_": 90.0,
                "_Depth_": 40.0,
                "_CumRespBest_": 100.0,
                "_formattedPartition_": "           2",
                "_column_": "predict",
                "_RespBest_": 0.0,
                "_DataRole_": "TEST",
                "_CumResp_": 98.1302521008403,
                "_PctRespBest_": 0.0,
                "_Gain_": 1.453256302521,
                "_CumLift_": 2.453256302521,
                "_Event_": "1",
                "_TargetName_": null,
                "_PctResp_": 0.07002801120448,
                "_GainBest_": 1.5,
                "_CumLiftBest_": 2.5,
                "_Lift_": 0.03151260504201,
                "_CumPctResp_": 5.4516806722689,
                "_NEventsBest_": 0.0,
                "_CumPctRespBest_": 5.55555555555555,
                "_Value_": 0.0,
                "_NEvents_": 0.06302521008403,
                "_LiftBest_": 0.0,
                "_PartInd_": "2",
                "_Resp_": 0.15756302521008,
                "_Column_": "actual"
            },
            "rowNumber": 51
        },
        {
            "dataMap": {
                "_NObs_": 90.0,
                "_Depth_": 45.0,
                "_CumRespBest_": 100.0,
                "_formattedPartition_": "           2",
                "_column_": "predict",
                "_RespBest_": 0.0,
                "_DataRole_": "TEST",
                "_CumResp_": 98.2878151260504,
                "_PctRespBest_": 0.0,
                "_Gain_": 1.18417366946778,
                "_CumLift_": 2.18417366946778,
                "_Event_": "1",
                "_TargetName_": null,
                "_PctResp_": 0.07002801120448,
                "_GainBest_": 1.22222222222222,
                "_CumLiftBest_": 2.22222222222222,
                "_Lift_": 0.03151260504201,
                "_CumPctResp_": 4.85371926548397,
                "_NEventsBest_": 0.0,
                "_CumPctRespBest_": 4.93827160493827,
                "_Value_": 0.0,
                "_NEvents_": 0.06302521008403,
                "_LiftBest_": 0.0,
                "_PartInd_": "2",
                "_Resp_": 0.15756302521008,
                "_Column_": "actual"
            },
            "rowNumber": 52
        },
        {
            "dataMap": {
                "_NObs_": 90.0,
                "_Depth_": 50.0,
                "_CumRespBest_": 100.0,
                "_formattedPartition_": "           2",
                "_column_": "predict",
                "_RespBest_": 0.0,
                "_DataRole_": "TEST",
                "_CumResp_": 98.4453781512605,
                "_PctRespBest_": 0.0,
                "_Gain_": 0.96890756302521,
                "_CumLift_": 1.96890756302521,
                "_Event_": "1",
                "_TargetName_": null,
                "_PctResp_": 0.07002801120448,
                "_GainBest_": 1.0,
                "_CumLiftBest_": 2.0,
                "_Lift_": 0.03151260504201,
                "_CumPctResp_": 4.37535014005602,
                "_NEventsBest_": 0.0,
                "_CumPctRespBest_": 4.44444444444444,
                "_Value_": 0.0,
                "_NEvents_": 0.06302521008403,
                "_LiftBest_": 0.0,
                "_PartInd_": "2",
                "_Resp_": 0.15756302521008,
                "_Column_": "actual"
            },
            "rowNumber": 53
        },
        {
            "dataMap": {
                "_NObs_": 90.0,
                "_Depth_": 55.0,
                "_CumRespBest_": 100.0,
                "_formattedPartition_": "           2",
                "_column_": "predict",
                "_RespBest_": 0.0,
                "_DataRole_": "TEST",
                "_CumResp_": 98.6029411764705,
                "_PctRespBest_": 0.0,
                "_Gain_": 0.7927807486631,
                "_CumLift_": 1.7927807486631,
                "_Event_": "1",
                "_TargetName_": null,
                "_PctResp_": 0.07002801120448,
                "_GainBest_": 0.81818181818181,
                "_CumLiftBest_": 1.81818181818181,
                "_Lift_": 0.03151260504201,
                "_CumPctResp_": 3.98395721925133,
                "_NEventsBest_": 0.0,
                "_CumPctRespBest_": 4.04040404040404,
                "_Value_": 0.0,
                "_NEvents_": 0.06302521008403,
                "_LiftBest_": 0.0,
                "_PartInd_": "2",
                "_Resp_": 0.15756302521008,
                "_Column_": "actual"
            },
            "rowNumber": 54
        },
        {
            "dataMap": {
                "_NObs_": 90.0,
                "_Depth_": 60.0,
                "_CumRespBest_": 100.0,
                "_formattedPartition_": "           2",
                "_column_": "predict",
                "_RespBest_": 0.0,
                "_DataRole_": "TEST",
                "_CumResp_": 98.7605042016806,
                "_PctRespBest_": 0.0,
                "_Gain_": 0.64600840336134,
                "_CumLift_": 1.64600840336134,
                "_Event_": "1",
                "_TargetName_": null,
                "_PctResp_": 0.07002801120448,
                "_GainBest_": 0.66666666666666,
                "_CumLiftBest_": 1.66666666666666,
                "_Lift_": 0.03151260504201,
                "_CumPctResp_": 3.6577964519141,
                "_NEventsBest_": 0.0,
                "_CumPctRespBest_": 3.7037037037037,
                "_Value_": 0.0,
                "_NEvents_": 0.06302521008403,
                "_LiftBest_": 0.0,
                "_PartInd_": "2",
                "_Resp_": 0.15756302521008,
                "_Column_": "actual"
            },
            "rowNumber": 55
        },
        {
            "dataMap": {
                "_NObs_": 90.0,
                "_Depth_": 65.0,
                "_CumRespBest_": 100.0,
                "_formattedPartition_": "           2",
                "_column_": "predict",
                "_RespBest_": 0.0,
                "_DataRole_": "TEST",
                "_CumResp_": 98.9180672268907,
                "_PctRespBest_": 0.0,
                "_Gain_": 0.52181641887524,
                "_CumLift_": 1.52181641887524,
                "_Event_": "1",
                "_TargetName_": null,
                "_PctResp_": 0.07002801120448,
                "_GainBest_": 0.53846153846153,
                "_CumLiftBest_": 1.53846153846153,
                "_Lift_": 0.03151260504201,
                "_CumPctResp_": 3.3818142641672,
                "_NEventsBest_": 0.0,
                "_CumPctRespBest_": 3.41880341880341,
                "_Value_": 0.0,
                "_NEvents_": 0.06302521008403,
                "_LiftBest_": 0.0,
                "_PartInd_": "2",
                "_Resp_": 0.15756302521008,
                "_Column_": "actual"
            },
            "rowNumber": 56
        },
        {
            "dataMap": {
                "_NObs_": 90.0,
                "_Depth_": 70.0,
                "_CumRespBest_": 100.0,
                "_formattedPartition_": "           2",
                "_column_": "predict",
                "_RespBest_": 0.0,
                "_DataRole_": "TEST",
                "_CumResp_": 99.0756302521008,
                "_PctRespBest_": 0.0,
                "_Gain_": 0.41536614645858,
                "_CumLift_": 1.41536614645858,
                "_Event_": "1",
                "_TargetName_": null,
                "_PctResp_": 0.07002801120448,
                "_GainBest_": 0.42857142857142,
                "_CumLiftBest_": 1.42857142857142,
                "_Lift_": 0.03151260504201,
                "_CumPctResp_": 3.14525810324129,
                "_NEventsBest_": 0.0,
                "_CumPctRespBest_": 3.17460317460317,
                "_Value_": 0.0,
                "_NEvents_": 0.06302521008403,
                "_LiftBest_": 0.0,
                "_PartInd_": "2",
                "_Resp_": 0.15756302521008,
                "_Column_": "actual"
            },
            "rowNumber": 57
        },
        {
            "dataMap": {
                "_NObs_": 90.0,
                "_Depth_": 75.0,
                "_CumRespBest_": 100.0,
                "_formattedPartition_": "           2",
                "_column_": "predict",
                "_RespBest_": 0.0,
                "_DataRole_": "TEST",
                "_CumResp_": 99.2331932773109,
                "_PctRespBest_": 0.0,
                "_Gain_": 0.32310924369747,
                "_CumLift_": 1.32310924369747,
                "_Event_": "1",
                "_TargetName_": null,
                "_PctResp_": 0.07002801120448,
                "_GainBest_": 0.33333333333333,
                "_CumLiftBest_": 1.33333333333333,
                "_Lift_": 0.03151260504201,
                "_CumPctResp_": 2.94024276377217,
                "_NEventsBest_": 0.0,
                "_CumPctRespBest_": 2.96296296296296,
                "_Value_": 0.0,
                "_NEvents_": 0.06302521008403,
                "_LiftBest_": 0.0,
                "_PartInd_": "2",
                "_Resp_": 0.15756302521008,
                "_Column_": "actual"
            },
            "rowNumber": 58
        },
        {
            "dataMap": {
                "_NObs_": 90.0,
                "_Depth_": 80.0,
                "_CumRespBest_": 100.0,
                "_formattedPartition_": "           2",
                "_column_": "predict",
                "_RespBest_": 0.0,
                "_DataRole_": "TEST",
                "_CumResp_": 99.3907563025209,
                "_PctRespBest_": 0.0,
                "_Gain_": 0.24238445378151,
                "_CumLift_": 1.24238445378151,
                "_Event_": "1",
                "_TargetName_": null,
                "_PctResp_": 0.07002801120448,
                "_GainBest_": 0.25,
                "_CumLiftBest_": 1.25,
                "_Lift_": 0.03151260504201,
                "_CumPctResp_": 2.76085434173669,
                "_NEventsBest_": 0.0,
                "_CumPctRespBest_": 2.77777777777777,
                "_Value_": 0.0,
                "_NEvents_": 0.06302521008403,
                "_LiftBest_": 0.0,
                "_PartInd_": "2",
                "_Resp_": 0.15756302521008,
                "_Column_": "actual"
            },
            "rowNumber": 59
        },
        {
            "dataMap": {
                "_NObs_": 90.0,
                "_Depth_": 85.0,
                "_CumRespBest_": 100.0,
                "_formattedPartition_": "           2",
                "_column_": "predict",
                "_RespBest_": 0.0,
                "_DataRole_": "TEST",
                "_CumResp_": 99.548319327731,
                "_PctRespBest_": 0.0,
                "_Gain_": 0.1711566979733,
                "_CumLift_": 1.1711566979733,
                "_Event_": "1",
                "_TargetName_": null,
                "_PctResp_": 0.07002801120448,
                "_GainBest_": 0.17647058823529,
                "_CumLiftBest_": 1.17647058823529,
                "_Lift_": 0.03151260504201,
                "_CumPctResp_": 2.60257043994068,
                "_NEventsBest_": 0.0,
                "_CumPctRespBest_": 2.61437908496732,
                "_Value_": 0.0,
                "_NEvents_": 0.06302521008403,
                "_LiftBest_": 0.0,
                "_PartInd_": "2",
                "_Resp_": 0.15756302521008,
                "_Column_": "actual"
            },
            "rowNumber": 60
        },
        {
            "dataMap": {
                "_NObs_": 90.0,
                "_Depth_": 90.0,
                "_CumRespBest_": 100.0,
                "_formattedPartition_": "           2",
                "_column_": "predict",
                "_RespBest_": 0.0,
                "_DataRole_": "TEST",
                "_CumResp_": 99.7058823529411,
                "_PctRespBest_": 0.0,
                "_Gain_": 0.1078431372549,
                "_CumLift_": 1.1078431372549,
                "_Event_": "1",
                "_TargetName_": null,
                "_PctResp_": 0.07002801120448,
                "_GainBest_": 0.11111111111111,
                "_CumLiftBest_": 1.11111111111111,
                "_Lift_": 0.03151260504201,
                "_CumPctResp_": 2.46187363834422,
                "_NEventsBest_": 0.0,
                "_CumPctRespBest_": 2.46913580246913,
                "_Value_": 0.0,
                "_NEvents_": 0.06302521008403,
                "_LiftBest_": 0.0,
                "_PartInd_": "2",
                "_Resp_": 0.15756302521008,
                "_Column_": "actual"
            },
            "rowNumber": 61
        },
        {
            "dataMap": {
                "_NObs_": 90.0,
                "_Depth_": 95.0,
                "_CumRespBest_": 100.0,
                "_formattedPartition_": "           2",
                "_column_": "predict",
                "_RespBest_": 0.0,
                "_DataRole_": "TEST",
                "_CumResp_": 99.8634453781512,
                "_PctRespBest_": 0.0,
                "_Gain_": 0.05119416187527,
                "_CumLift_": 1.05119416187527,
                "_Event_": "1",
                "_TargetName_": null,
                "_PctResp_": 0.07002801120448,
                "_GainBest_": 0.05263157894736,
                "_CumLiftBest_": 1.05263157894736,
                "_Lift_": 0.03151260504201,
                "_CumPctResp_": 2.3359870263895,
                "_NEventsBest_": 0.0,
                "_CumPctRespBest_": 2.3391812865497,
                "_Value_": 0.0,
                "_NEvents_": 0.06302521008403,
                "_LiftBest_": 0.0,
                "_PartInd_": "2",
                "_Resp_": 0.15756302521008,
                "_Column_": "actual"
            },
            "rowNumber": 62
        },
        {
            "dataMap": {
                "_NObs_": 78.0,
                "_Depth_": 100.0,
                "_CumRespBest_": 100.0,
                "_formattedPartition_": "           2",
                "_column_": "predict",
                "_RespBest_": 0.0,
                "_DataRole_": "TEST",
                "_CumResp_": 99.9999999999999,
                "_PctRespBest_": 0.0,
                "_Gain_": 6.6613381477509e-16,
                "_CumLift_": 1.0,
                "_Event_": "1",
                "_TargetName_": null,
                "_PctResp_": 0.07002801120448,
                "_GainBest_": 0.0,
                "_CumLiftBest_": 1.0,
                "_Lift_": 0.02731092436974,
                "_CumPctResp_": 2.23713646532438,
                "_NEventsBest_": 0.0,
                "_CumPctRespBest_": 2.23713646532438,
                "_Value_": 0.0,
                "_NEvents_": 0.05462184873949,
                "_LiftBest_": 0.0,
                "_PartInd_": "2",
                "_Resp_": 0.13655462184873,
                "_Column_": "actual"
            },
            "rowNumber": 63
        }
    ],
    "version": 1,
    "xInteger": false,
    "yInteger": false
}