{
    "name": "dmcas_lift",
    "revision": 0,
    "order": 0,
    "parameterMap": {
        "_NObs_": {
            "parameter": "_NObs_",
            "type": "num",
            "label": "Sum of Frequencies",
            "length": 8,
            "order": 9,
            "values": [
                "_NObs_"
            ],
            "preformatted": false
        },
        "_Depth_": {
            "parameter": "_Depth_",
            "type": "num",
            "label": "Depth",
            "length": 8,
            "order": 7,
            "values": [
                "_Depth_"
            ],
            "preformatted": false
        },
        "_CumRespBest_": {
            "parameter": "_CumRespBest_",
            "type": "num",
            "label": "Best Cumulative Captured Response Percentage",
            "length": 8,
            "order": 17,
            "values": [
                "_CumRespBest_"
            ],
            "preformatted": false
        },
        "_formattedPartition_": {
            "parameter": "_formattedPartition_",
            "type": "char",
            "label": "Formatted Partition",
            "length": 12,
            "order": 4,
            "values": [
                "_formattedPartition_"
            ],
            "preformatted": false
        },
        "_Column_": {
            "parameter": "_Column_",
            "type": "char",
            "label": "Analysis Variable",
            "length": 8,
            "order": 5,
            "values": [
                "_Column_"
            ],
            "preformatted": false
        },
        "_RespBest_": {
            "parameter": "_RespBest_",
            "type": "num",
            "label": "Best Captured Response Percentage",
            "length": 8,
            "order": 13,
            "values": [
                "_RespBest_"
            ],
            "preformatted": false
        },
        "_DataRole_": {
            "parameter": "_DataRole_",
            "type": "char",
            "label": "Data Role",
            "length": 10,
            "order": 2,
            "values": [
                "_DataRole_"
            ],
            "preformatted": false
        },
        "_CumResp_": {
            "parameter": "_CumResp_",
            "type": "num",
            "label": "Cumulative Captured Response Percentage",
            "length": 8,
            "order": 16,
            "values": [
                "_CumResp_"
            ],
            "preformatted": false
        },
        "_PctRespBest_": {
            "parameter": "_PctRespBest_",
            "type": "num",
            "label": "Best Response Percentage",
            "length": 8,
            "order": 21,
            "values": [
                "_PctRespBest_"
            ],
            "preformatted": false
        },
        "_Gain_": {
            "parameter": "_Gain_",
            "type": "num",
            "label": "Gain",
            "length": 8,
            "order": 24,
            "values": [
                "_Gain_"
            ],
            "preformatted": false
        },
        "_CumLift_": {
            "parameter": "_CumLift_",
            "type": "num",
            "label": "Cumulative Lift",
            "length": 8,
            "order": 18,
            "values": [
                "_CumLift_"
            ],
            "preformatted": false
        },
        "_Event_": {
            "parameter": "_Event_",
            "type": "char",
            "label": "Event",
            "length": 12,
            "order": 6,
            "values": [
                "_Event_"
            ],
            "preformatted": false
        },
        "_TargetName_": {
            "parameter": "_TargetName_",
            "type": "char",
            "label": "Target Name",
            "length": 6,
            "order": 1,
            "values": [
                "_TargetName_"
            ],
            "preformatted": false
        },
        "_PctResp_": {
            "parameter": "_PctResp_",
            "type": "num",
            "label": "Response Percentage",
            "length": 8,
            "order": 20,
            "values": [
                "_PctResp_"
            ],
            "preformatted": false
        },
        "_GainBest_": {
            "parameter": "_GainBest_",
            "type": "num",
            "label": "Best Gain",
            "length": 8,
            "order": 25,
            "values": [
                "_GainBest_"
            ],
            "preformatted": false
        },
        "_CumLiftBest_": {
            "parameter": "_CumLiftBest_",
            "type": "num",
            "label": "Best Cumulative Lift",
            "length": 8,
            "order": 19,
            "values": [
                "_CumLiftBest_"
            ],
            "preformatted": false
        },
        "_Lift_": {
            "parameter": "_Lift_",
            "type": "num",
            "label": "Lift",
            "length": 8,
            "order": 14,
            "values": [
                "_Lift_"
            ],
            "preformatted": false
        },
        "_CumPctResp_": {
            "parameter": "_CumPctResp_",
            "type": "num",
            "label": "Cumulative Response Percentage",
            "length": 8,
            "order": 22,
            "values": [
                "_CumPctResp_"
            ],
            "preformatted": false
        },
        "_NEventsBest_": {
            "parameter": "_NEventsBest_",
            "type": "num",
            "label": "Best Number of Events",
            "length": 8,
            "order": 11,
            "values": [
                "_NEventsBest_"
            ],
            "preformatted": false
        },
        "_CumPctRespBest_": {
            "parameter": "_CumPctRespBest_",
            "type": "num",
            "label": "Best Cumulative Response Percentage",
            "length": 8,
            "order": 23,
            "values": [
                "_CumPctRespBest_"
            ],
            "preformatted": false
        },
        "_Value_": {
            "parameter": "_Value_",
            "type": "num",
            "label": "Value",
            "length": 8,
            "order": 8,
            "values": [
                "_Value_"
            ],
            "preformatted": false
        },
        "_NEvents_": {
            "parameter": "_NEvents_",
            "type": "num",
            "label": "Number of Events",
            "length": 8,
            "order": 10,
            "values": [
                "_NEvents_"
            ],
            "preformatted": false
        },
        "_LiftBest_": {
            "parameter": "_LiftBest_",
            "type": "num",
            "label": "Best Lift",
            "length": 8,
            "order": 15,
            "values": [
                "_LiftBest_"
            ],
            "preformatted": false
        },
        "_PartInd_": {
            "parameter": "_PartInd_",
            "type": "num",
            "label": "Partition Indicator",
            "length": 8,
            "order": 3,
            "values": [
                "_PartInd_"
            ],
            "preformatted": false
        },
        "_Resp_": {
            "parameter": "_Resp_",
            "type": "num",
            "label": "Captured Response Percentage",
            "length": 8,
            "order": 12,
            "values": [
                "_Resp_"
            ],
            "preformatted": false
        }
    },
    "data": [
        {
            "dataMap": {
                "_NObs_": "0",
                "_Depth_": "0",
                "_CumRespBest_": "0",
                "_formattedPartition_": "           1",
                "_column_": "predict",
                "_RespBest_": "0",
                "_DataRole_": "TRAIN",
                "_CumResp_": "0",
                "_Event_": "1",
                "_TargetName_": "target",
                "_NEventsBest_": "0",
                "_Value_": "0",
                "_NEvents_": "0",
                "_PartInd_": "1",
                "_Resp_": "0"
            },
            "rowNumber": 1
        },
        {
            "dataMap": {
                "_NObs_": "20.0",
                "_Depth_": "5.0",
                "_CumRespBest_": "7.87401574803149",
                "_formattedPartition_": "           1",
                "_column_": "predict",
                "_RespBest_": "7.87401574803149",
                "_DataRole_": "TRAIN",
                "_CumResp_": "7.87401574803149",
                "_PctRespBest_": "100.0",
                "_Gain_": "0.57480314960629",
                "_CumLift_": "1.57480314960629",
                "_Event_": "1",
                "_TargetName_": "target",
                "_PctResp_": "100.0",
                "_GainBest_": "0.57480314960629",
                "_CumLiftBest_": "1.57480314960629",
                "_Lift_": "1.57480314960629",
                "_CumPctResp_": "100.0",
                "_NEventsBest_": "20.0",
                "_CumPctRespBest_": "100.0",
                "_Value_": "0.99932888992513",
                "_NEvents_": "20.0",
                "_LiftBest_": "1.57480314960629",
                "_PartInd_": "1",
                "_Resp_": "7.87401574803149"
            },
            "rowNumber": 2
        },
        {
            "dataMap": {
                "_NObs_": "20.0",
                "_Depth_": "10.0",
                "_CumRespBest_": "15.7480314960629",
                "_formattedPartition_": "           1",
                "_column_": "predict",
                "_RespBest_": "7.87401574803149",
                "_DataRole_": "TRAIN",
                "_CumResp_": "15.7480314960629",
                "_PctRespBest_": "100.0",
                "_Gain_": "0.57480314960629",
                "_CumLift_": "1.57480314960629",
                "_Event_": "1",
                "_TargetName_": "target",
                "_PctResp_": "100.0",
                "_GainBest_": "0.57480314960629",
                "_CumLiftBest_": "1.57480314960629",
                "_Lift_": "1.57480314960629",
                "_CumPctResp_": "100.0",
                "_NEventsBest_": "20.0",
                "_CumPctRespBest_": "100.0",
                "_Value_": "0.99867327588733",
                "_NEvents_": "20.0",
                "_LiftBest_": "1.57480314960629",
                "_PartInd_": "1",
                "_Resp_": "7.87401574803149"
            },
            "rowNumber": 3
        },
        {
            "dataMap": {
                "_NObs_": "20.0",
                "_Depth_": "15.0",
                "_CumRespBest_": "23.6220472440944",
                "_formattedPartition_": "           1",
                "_column_": "predict",
                "_RespBest_": "7.87401574803149",
                "_DataRole_": "TRAIN",
                "_CumResp_": "23.6220472440944",
                "_PctRespBest_": "100.0",
                "_Gain_": "0.57480314960629",
                "_CumLift_": "1.57480314960629",
                "_Event_": "1",
                "_TargetName_": "target",
                "_PctResp_": "100.0",
                "_GainBest_": "0.57480314960629",
                "_CumLiftBest_": "1.57480314960629",
                "_Lift_": "1.57480314960629",
                "_CumPctResp_": "100.0",
                "_NEventsBest_": "20.0",
                "_CumPctRespBest_": "100.0",
                "_Value_": "0.99748224665946",
                "_NEvents_": "20.0",
                "_LiftBest_": "1.57480314960629",
                "_PartInd_": "1",
                "_Resp_": "7.87401574803149"
            },
            "rowNumber": 4
        },
        {
            "dataMap": {
                "_NObs_": "20.0",
                "_Depth_": "20.0",
                "_CumRespBest_": "31.4960629921259",
                "_formattedPartition_": "           1",
                "_column_": "predict",
                "_RespBest_": "7.87401574803149",
                "_DataRole_": "TRAIN",
                "_CumResp_": "31.4960629921259",
                "_PctRespBest_": "100.0",
                "_Gain_": "0.57480314960629",
                "_CumLift_": "1.57480314960629",
                "_Event_": "1",
                "_TargetName_": "target",
                "_PctResp_": "100.0",
                "_GainBest_": "0.57480314960629",
                "_CumLiftBest_": "1.57480314960629",
                "_Lift_": "1.57480314960629",
                "_CumPctResp_": "100.0",
                "_NEventsBest_": "20.0",
                "_CumPctRespBest_": "100.0",
                "_Value_": "0.99615496632088",
                "_NEvents_": "20.0",
                "_LiftBest_": "1.57480314960629",
                "_PartInd_": "1",
                "_Resp_": "7.87401574803149"
            },
            "rowNumber": 5
        },
        {
            "dataMap": {
                "_NObs_": "20.0",
                "_Depth_": "25.0",
                "_CumRespBest_": "39.3700787401574",
                "_formattedPartition_": "           1",
                "_column_": "predict",
                "_RespBest_": "7.87401574803149",
                "_DataRole_": "TRAIN",
                "_CumResp_": "39.3700787401574",
                "_PctRespBest_": "100.0",
                "_Gain_": "0.57480314960629",
                "_CumLift_": "1.57480314960629",
                "_Event_": "1",
                "_TargetName_": "target",
                "_PctResp_": "100.0",
                "_GainBest_": "0.57480314960629",
                "_CumLiftBest_": "1.57480314960629",
                "_Lift_": "1.57480314960629",
                "_CumPctResp_": "100.0",
                "_NEventsBest_": "20.0",
                "_CumPctRespBest_": "100.0",
                "_Value_": "0.99437238255553",
                "_NEvents_": "20.0",
                "_LiftBest_": "1.57480314960629",
                "_PartInd_": "1",
                "_Resp_": "7.87401574803149"
            },
            "rowNumber": 6
        },
        {
            "dataMap": {
                "_NObs_": "20.0",
                "_Depth_": "30.0",
                "_CumRespBest_": "47.2440944881889",
                "_formattedPartition_": "           1",
                "_column_": "predict",
                "_RespBest_": "7.87401574803149",
                "_DataRole_": "TRAIN",
                "_CumResp_": "47.2440944881889",
                "_PctRespBest_": "100.0",
                "_Gain_": "0.57480314960629",
                "_CumLift_": "1.57480314960629",
                "_Event_": "1",
                "_TargetName_": "target",
                "_PctResp_": "100.0",
                "_GainBest_": "0.57480314960629",
                "_CumLiftBest_": "1.57480314960629",
                "_Lift_": "1.57480314960629",
                "_CumPctResp_": "100.0",
                "_NEventsBest_": "20.0",
                "_CumPctRespBest_": "100.0",
                "_Value_": "0.99183981555493",
                "_NEvents_": "20.0",
                "_LiftBest_": "1.57480314960629",
                "_PartInd_": "1",
                "_Resp_": "7.87401574803149"
            },
            "rowNumber": 7
        },
        {
            "dataMap": {
                "_NObs_": "20.0",
                "_Depth_": "35.0",
                "_CumRespBest_": "55.1181102362204",
                "_formattedPartition_": "           1",
                "_column_": "predict",
                "_RespBest_": "7.87401574803149",
                "_DataRole_": "TRAIN",
                "_CumResp_": "55.1181102362204",
                "_PctRespBest_": "100.0",
                "_Gain_": "0.57480314960629",
                "_CumLift_": "1.57480314960629",
                "_Event_": "1",
                "_TargetName_": "target",
                "_PctResp_": "100.0",
                "_GainBest_": "0.57480314960629",
                "_CumLiftBest_": "1.57480314960629",
                "_Lift_": "1.57480314960629",
                "_CumPctResp_": "100.0",
                "_NEventsBest_": "20.0",
                "_CumPctRespBest_": "100.0",
                "_Value_": "0.98727216583307",
                "_NEvents_": "20.0",
                "_LiftBest_": "1.57480314960629",
                "_PartInd_": "1",
                "_Resp_": "7.87401574803149"
            },
            "rowNumber": 8
        },
        {
            "dataMap": {
                "_NObs_": "20.0",
                "_Depth_": "40.0",
                "_CumRespBest_": "62.9921259842519",
                "_formattedPartition_": "           1",
                "_column_": "predict",
                "_RespBest_": "7.87401574803149",
                "_DataRole_": "TRAIN",
                "_CumResp_": "62.9921259842519",
                "_PctRespBest_": "100.0",
                "_Gain_": "0.57480314960629",
                "_CumLift_": "1.57480314960629",
                "_Event_": "1",
                "_TargetName_": "target",
                "_PctResp_": "100.0",
                "_GainBest_": "0.57480314960629",
                "_CumLiftBest_": "1.57480314960629",
                "_Lift_": "1.57480314960629",
                "_CumPctResp_": "100.0",
                "_NEventsBest_": "20.0",
                "_CumPctRespBest_": "100.0",
                "_Value_": "0.98118591716783",
                "_NEvents_": "20.0",
                "_LiftBest_": "1.57480314960629",
                "_PartInd_": "1",
                "_Resp_": "7.87401574803149"
            },
            "rowNumber": 9
        },
        {
            "dataMap": {
                "_NObs_": "20.0",
                "_Depth_": "45.0",
                "_CumRespBest_": "70.8661417322834",
                "_formattedPartition_": "           1",
                "_column_": "predict",
                "_RespBest_": "7.87401574803149",
                "_DataRole_": "TRAIN",
                "_CumResp_": "70.8661417322834",
                "_PctRespBest_": "100.0",
                "_Gain_": "0.57480314960629",
                "_CumLift_": "1.57480314960629",
                "_Event_": "1",
                "_TargetName_": "target",
                "_PctResp_": "100.0",
                "_GainBest_": "0.57480314960629",
                "_CumLiftBest_": "1.57480314960629",
                "_Lift_": "1.57480314960629",
                "_CumPctResp_": "100.0",
                "_NEventsBest_": "20.0",
                "_CumPctRespBest_": "100.0",
                "_Value_": "0.96377447863065",
                "_NEvents_": "20.0",
                "_LiftBest_": "1.57480314960629",
                "_PartInd_": "1",
                "_Resp_": "7.87401574803149"
            },
            "rowNumber": 10
        },
        {
            "dataMap": {
                "_NObs_": "20.0",
                "_Depth_": "50.0",
                "_CumRespBest_": "78.7401574803149",
                "_formattedPartition_": "           1",
                "_column_": "predict",
                "_RespBest_": "7.87401574803149",
                "_DataRole_": "TRAIN",
                "_CumResp_": "78.7401574803149",
                "_PctRespBest_": "100.0",
                "_Gain_": "0.57480314960629",
                "_CumLift_": "1.57480314960629",
                "_Event_": "1",
                "_TargetName_": "target",
                "_PctResp_": "100.0",
                "_GainBest_": "0.57480314960629",
                "_CumLiftBest_": "1.57480314960629",
                "_Lift_": "1.57480314960629",
                "_CumPctResp_": "100.0",
                "_NEventsBest_": "20.0",
                "_CumPctRespBest_": "100.0",
                "_Value_": "0.93773584556977",
                "_NEvents_": "20.0",
                "_LiftBest_": "1.57480314960629",
                "_PartInd_": "1",
                "_Resp_": "7.87401574803149"
            },
            "rowNumber": 11
        },
        {
            "dataMap": {
                "_NObs_": "20.0",
                "_Depth_": "55.0",
                "_CumRespBest_": "86.6141732283464",
                "_formattedPartition_": "           1",
                "_column_": "predict",
                "_RespBest_": "7.87401574803149",
                "_DataRole_": "TRAIN",
                "_CumResp_": "86.6141732283464",
                "_PctRespBest_": "100.0",
                "_Gain_": "0.57480314960629",
                "_CumLift_": "1.57480314960629",
                "_Event_": "1",
                "_TargetName_": "target",
                "_PctResp_": "100.0",
                "_GainBest_": "0.57480314960629",
                "_CumLiftBest_": "1.57480314960629",
                "_Lift_": "1.57480314960629",
                "_CumPctResp_": "100.0",
                "_NEventsBest_": "20.0",
                "_CumPctRespBest_": "100.0",
                "_Value_": "0.90357032729145",
                "_NEvents_": "20.0",
                "_LiftBest_": "1.57480314960629",
                "_PartInd_": "1",
                "_Resp_": "7.87401574803149"
            },
            "rowNumber": 12
        },
        {
            "dataMap": {
                "_NObs_": "20.0",
                "_Depth_": "60.0",
                "_CumRespBest_": "94.4881889763779",
                "_formattedPartition_": "           1",
                "_column_": "predict",
                "_RespBest_": "7.87401574803149",
                "_DataRole_": "TRAIN",
                "_CumResp_": "93.7007874015748",
                "_PctRespBest_": "100.0",
                "_Gain_": "0.56167979002624",
                "_CumLift_": "1.56167979002624",
                "_Event_": "1",
                "_TargetName_": "target",
                "_PctResp_": "90.0",
                "_GainBest_": "0.57480314960629",
                "_CumLiftBest_": "1.57480314960629",
                "_Lift_": "1.41732283464566",
                "_CumPctResp_": "99.1666666666666",
                "_NEventsBest_": "20.0",
                "_CumPctRespBest_": "100.0",
                "_Value_": "0.80226348821717",
                "_NEvents_": "18.0",
                "_LiftBest_": "1.57480314960629",
                "_PartInd_": "1",
                "_Resp_": "7.08661417322834"
            },
            "rowNumber": 13
        },
        {
            "dataMap": {
                "_NObs_": "20.0",
                "_Depth_": "65.0",
                "_CumRespBest_": "100.0",
                "_formattedPartition_": "           1",
                "_column_": "predict",
                "_RespBest_": "5.51181102362204",
                "_DataRole_": "TRAIN",
                "_CumResp_": "97.244094488189",
                "_PctRespBest_": "70.0",
                "_Gain_": "0.49606299212598",
                "_CumLift_": "1.49606299212598",
                "_Event_": "1",
                "_TargetName_": "target",
                "_PctResp_": "45.0",
                "_GainBest_": "0.53846153846153",
                "_CumLiftBest_": "1.53846153846153",
                "_Lift_": "0.70866141732283",
                "_CumPctResp_": "95.0",
                "_NEventsBest_": "14.0",
                "_CumPctRespBest_": "97.6923076923077",
                "_Value_": "0.53808498644886",
                "_NEvents_": "9.0",
                "_LiftBest_": "1.1023622047244",
                "_PartInd_": "1",
                "_Resp_": "3.54330708661417"
            },
            "rowNumber": 14
        },
        {
            "dataMap": {
                "_NObs_": "20.0",
                "_Depth_": "70.0",
                "_CumRespBest_": "100.0",
                "_formattedPartition_": "           1",
                "_column_": "predict",
                "_RespBest_": "0.0",
                "_DataRole_": "TRAIN",
                "_CumResp_": "100.0",
                "_PctRespBest_": "0.0",
                "_Gain_": "0.42857142857142",
                "_CumLift_": "1.42857142857142",
                "_Event_": "1",
                "_TargetName_": "target",
                "_PctResp_": "35.0",
                "_GainBest_": "0.42857142857142",
                "_CumLiftBest_": "1.42857142857142",
                "_Lift_": "0.5511811023622",
                "_CumPctResp_": "90.7142857142857",
                "_NEventsBest_": "0.0",
                "_CumPctRespBest_": "90.7142857142857",
                "_Value_": "0.13248274509781",
                "_NEvents_": "7.0",
                "_LiftBest_": "0.0",
                "_PartInd_": "1",
                "_Resp_": "2.75590551181102"
            },
            "rowNumber": 15
        },
        {
            "dataMap": {
                "_NObs_": "20.0",
                "_Depth_": "75.0",
                "_CumRespBest_": "100.0",
                "_formattedPartition_": "           1",
                "_column_": "predict",
                "_RespBest_": "0.0",
                "_DataRole_": "TRAIN",
                "_CumResp_": "100.0",
                "_PctRespBest_": "0.0",
                "_Gain_": "0.33333333333333",
                "_CumLift_": "1.33333333333333",
                "_Event_": "1",
                "_TargetName_": "target",
                "_PctResp_": "0.0",
                "_GainBest_": "0.33333333333333",
                "_CumLiftBest_": "1.33333333333333",
                "_Lift_": "0.0",
                "_CumPctResp_": "84.6666666666666",
                "_NEventsBest_": "0.0",
                "_CumPctRespBest_": "84.6666666666666",
                "_Value_": "0.00742440355402",
                "_NEvents_": "0.0",
                "_LiftBest_": "0.0",
                "_PartInd_": "1",
                "_Resp_": "0.0"
            },
            "rowNumber": 16
        },
        {
            "dataMap": {
                "_NObs_": "20.0",
                "_Depth_": "80.0",
                "_CumRespBest_": "100.0",
                "_formattedPartition_": "           1",
                "_column_": "predict",
                "_RespBest_": "0.0",
                "_DataRole_": "TRAIN",
                "_CumResp_": "100.0",
                "_PctRespBest_": "0.0",
                "_Gain_": "0.25",
                "_CumLift_": "1.25",
                "_Event_": "1",
                "_TargetName_": "target",
                "_PctResp_": "0.0",
                "_GainBest_": "0.25",
                "_CumLiftBest_": "1.25",
                "_Lift_": "0.0",
                "_CumPctResp_": "79.375",
                "_NEventsBest_": "0.0",
                "_CumPctRespBest_": "79.375",
                "_Value_": "0.0002842351495",
                "_NEvents_": "0.0",
                "_LiftBest_": "0.0",
                "_PartInd_": "1",
                "_Resp_": "0.0"
            },
            "rowNumber": 17
        },
        {
            "dataMap": {
                "_NObs_": "20.0",
                "_Depth_": "85.0",
                "_CumRespBest_": "100.0",
                "_formattedPartition_": "           1",
                "_column_": "predict",
                "_RespBest_": "0.0",
                "_DataRole_": "TRAIN",
                "_CumResp_": "100.0",
                "_PctRespBest_": "0.0",
                "_Gain_": "0.17647058823529",
                "_CumLift_": "1.17647058823529",
                "_Event_": "1",
                "_TargetName_": "target",
                "_PctResp_": "0.0",
                "_GainBest_": "0.17647058823529",
                "_CumLiftBest_": "1.17647058823529",
                "_Lift_": "0.0",
                "_CumPctResp_": "74.7058823529411",
                "_NEventsBest_": "0.0",
                "_CumPctRespBest_": "74.7058823529411",
                "_Value_": "5.5275087776264e-06",
                "_NEvents_": "0.0",
                "_LiftBest_": "0.0",
                "_PartInd_": "1",
                "_Resp_": "0.0"
            },
            "rowNumber": 18
        },
        {
            "dataMap": {
                "_NObs_": "20.0",
                "_Depth_": "90.0",
                "_CumRespBest_": "100.0",
                "_formattedPartition_": "           1",
                "_column_": "predict",
                "_RespBest_": "0.0",
                "_DataRole_": "TRAIN",
                "_CumResp_": "100.0",
                "_PctRespBest_": "0.0",
                "_Gain_": "0.11111111111111",
                "_CumLift_": "1.11111111111111",
                "_Event_": "1",
                "_TargetName_": "target",
                "_PctResp_": "0.0",
                "_GainBest_": "0.11111111111111",
                "_CumLiftBest_": "1.11111111111111",
                "_Lift_": "0.0",
                "_CumPctResp_": "70.5555555555555",
                "_NEventsBest_": "0.0",
                "_CumPctRespBest_": "70.5555555555555",
                "_Value_": "9.3039087202667e-08",
                "_NEvents_": "0.0",
                "_LiftBest_": "0.0",
                "_PartInd_": "1",
                "_Resp_": "0.0"
            },
            "rowNumber": 19
        },
        {
            "dataMap": {
                "_NObs_": "20.0",
                "_Depth_": "95.0",
                "_CumRespBest_": "100.0",
                "_formattedPartition_": "           1",
                "_column_": "predict",
                "_RespBest_": "0.0",
                "_DataRole_": "TRAIN",
                "_CumResp_": "100.0",
                "_PctRespBest_": "0.0",
                "_Gain_": "0.05263157894736",
                "_CumLift_": "1.05263157894736",
                "_Event_": "1",
                "_TargetName_": "target",
                "_PctResp_": "0.0",
                "_GainBest_": "0.05263157894736",
                "_CumLiftBest_": "1.05263157894736",
                "_Lift_": "0.0",
                "_CumPctResp_": "66.8421052631579",
                "_NEventsBest_": "0.0",
                "_CumPctRespBest_": "66.8421052631579",
                "_Value_": "6.5496514101352e-11",
                "_NEvents_": "0.0",
                "_LiftBest_": "0.0",
                "_PartInd_": "1",
                "_Resp_": "0.0"
            },
            "rowNumber": 20
        },
        {
            "dataMap": {
                "_NObs_": "18.0",
                "_Depth_": "100.0",
                "_CumRespBest_": "100.0",
                "_formattedPartition_": "           1",
                "_column_": "predict",
                "_RespBest_": "0.0",
                "_DataRole_": "TRAIN",
                "_CumResp_": "100.0",
                "_PctRespBest_": "0.0",
                "_Gain_": "0.0",
                "_CumLift_": "1.0",
                "_Event_": "1",
                "_TargetName_": "target",
                "_PctResp_": "0.0",
                "_GainBest_": "0.0",
                "_CumLiftBest_": "1.0",
                "_Lift_": "0.0",
                "_CumPctResp_": "63.8190954773869",
                "_NEventsBest_": "0.0",
                "_CumPctRespBest_": "63.8190954773869",
                "_Value_": "1.8280808827616e-43",
                "_NEvents_": "0.0",
                "_LiftBest_": "0.0",
                "_PartInd_": "1",
                "_Resp_": "0.0"
            },
            "rowNumber": 21
        },
        {
            "dataMap": {
                "_NObs_": "0",
                "_Depth_": "0",
                "_CumRespBest_": "0",
                "_formattedPartition_": "           2",
                "_column_": "predict",
                "_RespBest_": "0",
                "_DataRole_": "TEST",
                "_CumResp_": "0",
                "_Event_": "1",
                "_TargetName_": "target",
                "_NEventsBest_": "0",
                "_Value_": "0",
                "_NEvents_": "0",
                "_PartInd_": "2",
                "_Resp_": "0"
            },
            "rowNumber": 22
        },
        {
            "dataMap": {
                "_NObs_": "9.0",
                "_Depth_": "5.0",
                "_CumRespBest_": "8.7378640776699",
                "_formattedPartition_": "           2",
                "_column_": "predict",
                "_RespBest_": "8.7378640776699",
                "_DataRole_": "TEST",
                "_CumResp_": "8.7378640776699",
                "_PctRespBest_": "100.0",
                "_Gain_": "0.74757281553398",
                "_CumLift_": "1.74757281553398",
                "_Event_": "1",
                "_TargetName_": "target",
                "_PctResp_": "100.0",
                "_GainBest_": "0.74757281553398",
                "_CumLiftBest_": "1.74757281553398",
                "_Lift_": "1.74757281553398",
                "_CumPctResp_": "100.0",
                "_NEventsBest_": "9.0",
                "_CumPctRespBest_": "100.0",
                "_Value_": "0.99933279530737",
                "_NEvents_": "9.0",
                "_LiftBest_": "1.74757281553398",
                "_PartInd_": "2",
                "_Resp_": "8.7378640776699"
            },
            "rowNumber": 23
        },
        {
            "dataMap": {
                "_NObs_": "9.0",
                "_Depth_": "10.0",
                "_CumRespBest_": "17.4757281553398",
                "_formattedPartition_": "           2",
                "_column_": "predict",
                "_RespBest_": "8.7378640776699",
                "_DataRole_": "TEST",
                "_CumResp_": "17.4757281553398",
                "_PctRespBest_": "100.0",
                "_Gain_": "0.74757281553398",
                "_CumLift_": "1.74757281553398",
                "_Event_": "1",
                "_TargetName_": "target",
                "_PctResp_": "100.0",
                "_GainBest_": "0.74757281553398",
                "_CumLiftBest_": "1.74757281553398",
                "_Lift_": "1.74757281553398",
                "_CumPctResp_": "100.0",
                "_NEventsBest_": "9.0",
                "_CumPctRespBest_": "100.0",
                "_Value_": "0.99837047584943",
                "_NEvents_": "9.0",
                "_LiftBest_": "1.74757281553398",
                "_PartInd_": "2",
                "_Resp_": "8.7378640776699"
            },
            "rowNumber": 24
        },
        {
            "dataMap": {
                "_NObs_": "9.0",
                "_Depth_": "15.0",
                "_CumRespBest_": "26.2135922330097",
                "_formattedPartition_": "           2",
                "_column_": "predict",
                "_RespBest_": "8.7378640776699",
                "_DataRole_": "TEST",
                "_CumResp_": "26.2135922330097",
                "_PctRespBest_": "100.0",
                "_Gain_": "0.74757281553398",
                "_CumLift_": "1.74757281553398",
                "_Event_": "1",
                "_TargetName_": "target",
                "_PctResp_": "100.0",
                "_GainBest_": "0.74757281553398",
                "_CumLiftBest_": "1.74757281553398",
                "_Lift_": "1.74757281553398",
                "_CumPctResp_": "100.0",
                "_NEventsBest_": "9.0",
                "_CumPctRespBest_": "100.0",
                "_Value_": "0.99751663668423",
                "_NEvents_": "9.0",
                "_LiftBest_": "1.74757281553398",
                "_PartInd_": "2",
                "_Resp_": "8.7378640776699"
            },
            "rowNumber": 25
        },
        {
            "dataMap": {
                "_NObs_": "9.0",
                "_Depth_": "20.0",
                "_CumRespBest_": "34.9514563106796",
                "_formattedPartition_": "           2",
                "_column_": "predict",
                "_RespBest_": "8.7378640776699",
                "_DataRole_": "TEST",
                "_CumResp_": "34.9514563106796",
                "_PctRespBest_": "100.0",
                "_Gain_": "0.74757281553398",
                "_CumLift_": "1.74757281553398",
                "_Event_": "1",
                "_TargetName_": "target",
                "_PctResp_": "100.0",
                "_GainBest_": "0.74757281553398",
                "_CumLiftBest_": "1.74757281553398",
                "_Lift_": "1.74757281553398",
                "_CumPctResp_": "100.0",
                "_NEventsBest_": "9.0",
                "_CumPctRespBest_": "100.0",
                "_Value_": "0.99601533025936",
                "_NEvents_": "9.0",
                "_LiftBest_": "1.74757281553398",
                "_PartInd_": "2",
                "_Resp_": "8.7378640776699"
            },
            "rowNumber": 26
        },
        {
            "dataMap": {
                "_NObs_": "9.0",
                "_Depth_": "25.0",
                "_CumRespBest_": "43.6893203883495",
                "_formattedPartition_": "           2",
                "_column_": "predict",
                "_RespBest_": "8.7378640776699",
                "_DataRole_": "TEST",
                "_CumResp_": "43.6893203883495",
                "_PctRespBest_": "100.0",
                "_Gain_": "0.74757281553398",
                "_CumLift_": "1.74757281553398",
                "_Event_": "1",
                "_TargetName_": "target",
                "_PctResp_": "100.0",
                "_GainBest_": "0.74757281553398",
                "_CumLiftBest_": "1.74757281553398",
                "_Lift_": "1.74757281553398",
                "_CumPctResp_": "100.0",
                "_NEventsBest_": "9.0",
                "_CumPctRespBest_": "100.0",
                "_Value_": "0.99397615922952",
                "_NEvents_": "9.0",
                "_LiftBest_": "1.74757281553398",
                "_PartInd_": "2",
                "_Resp_": "8.7378640776699"
            },
            "rowNumber": 27
        },
        {
            "dataMap": {
                "_NObs_": "9.0",
                "_Depth_": "30.0",
                "_CumRespBest_": "52.4271844660194",
                "_formattedPartition_": "           2",
                "_column_": "predict",
                "_RespBest_": "8.7378640776699",
                "_DataRole_": "TEST",
                "_CumResp_": "52.4271844660194",
                "_PctRespBest_": "100.0",
                "_Gain_": "0.74757281553398",
                "_CumLift_": "1.74757281553398",
                "_Event_": "1",
                "_TargetName_": "target",
                "_PctResp_": "100.0",
                "_GainBest_": "0.74757281553398",
                "_CumLiftBest_": "1.74757281553398",
                "_Lift_": "1.74757281553398",
                "_CumPctResp_": "100.0",
                "_NEventsBest_": "9.0",
                "_CumPctRespBest_": "100.0",
                "_Value_": "0.99161793835766",
                "_NEvents_": "9.0",
                "_LiftBest_": "1.74757281553398",
                "_PartInd_": "2",
                "_Resp_": "8.7378640776699"
            },
            "rowNumber": 28
        },
        {
            "dataMap": {
                "_NObs_": "9.0",
                "_Depth_": "35.0",
                "_CumRespBest_": "61.1650485436893",
                "_formattedPartition_": "           2",
                "_column_": "predict",
                "_RespBest_": "8.7378640776699",
                "_DataRole_": "TEST",
                "_CumResp_": "61.1650485436893",
                "_PctRespBest_": "100.0",
                "_Gain_": "0.74757281553398",
                "_CumLift_": "1.74757281553398",
                "_Event_": "1",
                "_TargetName_": "target",
                "_PctResp_": "100.0",
                "_GainBest_": "0.74757281553398",
                "_CumLiftBest_": "1.74757281553398",
                "_Lift_": "1.74757281553398",
                "_CumPctResp_": "100.0",
                "_NEventsBest_": "9.0",
                "_CumPctRespBest_": "100.0",
                "_Value_": "0.98449449680946",
                "_NEvents_": "9.0",
                "_LiftBest_": "1.74757281553398",
                "_PartInd_": "2",
                "_Resp_": "8.7378640776699"
            },
            "rowNumber": 29
        },
        {
            "dataMap": {
                "_NObs_": "9.0",
                "_Depth_": "40.0",
                "_CumRespBest_": "69.9029126213592",
                "_formattedPartition_": "           2",
                "_column_": "predict",
                "_RespBest_": "8.7378640776699",
                "_DataRole_": "TEST",
                "_CumResp_": "69.9029126213592",
                "_PctRespBest_": "100.0",
                "_Gain_": "0.74757281553398",
                "_CumLift_": "1.74757281553398",
                "_Event_": "1",
                "_TargetName_": "target",
                "_PctResp_": "100.0",
                "_GainBest_": "0.74757281553398",
                "_CumLiftBest_": "1.74757281553398",
                "_Lift_": "1.74757281553398",
                "_CumPctResp_": "100.0",
                "_NEventsBest_": "9.0",
                "_CumPctRespBest_": "100.0",
                "_Value_": "0.97442601575472",
                "_NEvents_": "9.0",
                "_LiftBest_": "1.74757281553398",
                "_PartInd_": "2",
                "_Resp_": "8.7378640776699"
            },
            "rowNumber": 30
        },
        {
            "dataMap": {
                "_NObs_": "9.0",
                "_Depth_": "45.0",
                "_CumRespBest_": "78.6407766990291",
                "_formattedPartition_": "           2",
                "_column_": "predict",
                "_RespBest_": "8.7378640776699",
                "_DataRole_": "TEST",
                "_CumResp_": "77.6699029126213",
                "_PctRespBest_": "100.0",
                "_Gain_": "0.72599784250269",
                "_CumLift_": "1.72599784250269",
                "_Event_": "1",
                "_TargetName_": "target",
                "_PctResp_": "88.8888888888888",
                "_GainBest_": "0.74757281553398",
                "_CumLiftBest_": "1.74757281553398",
                "_Lift_": "1.55339805825242",
                "_CumPctResp_": "98.7654320987654",
                "_NEventsBest_": "9.0",
                "_CumPctRespBest_": "100.0",
                "_Value_": "0.96503090094515",
                "_NEvents_": "8.0",
                "_LiftBest_": "1.74757281553398",
                "_PartInd_": "2",
                "_Resp_": "7.76699029126213"
            },
            "rowNumber": 31
        },
        {
            "dataMap": {
                "_NObs_": "9.0",
                "_Depth_": "50.0",
                "_CumRespBest_": "87.378640776699",
                "_formattedPartition_": "           2",
                "_column_": "predict",
                "_RespBest_": "8.7378640776699",
                "_DataRole_": "TEST",
                "_CumResp_": "86.4077669902912",
                "_PctRespBest_": "100.0",
                "_Gain_": "0.72815533980582",
                "_CumLift_": "1.72815533980582",
                "_Event_": "1",
                "_TargetName_": "target",
                "_PctResp_": "100.0",
                "_GainBest_": "0.74757281553398",
                "_CumLiftBest_": "1.74757281553398",
                "_Lift_": "1.74757281553398",
                "_CumPctResp_": "98.8888888888889",
                "_NEventsBest_": "9.0",
                "_CumPctRespBest_": "100.0",
                "_Value_": "0.93536490028686",
                "_NEvents_": "9.0",
                "_LiftBest_": "1.74757281553398",
                "_PartInd_": "2",
                "_Resp_": "8.7378640776699"
            },
            "rowNumber": 32
        },
        {
            "dataMap": {
                "_NObs_": "9.0",
                "_Depth_": "55.0",
                "_CumRespBest_": "96.1165048543689",
                "_formattedPartition_": "           2",
                "_column_": "predict",
                "_RespBest_": "8.7378640776699",
                "_DataRole_": "TEST",
                "_CumResp_": "95.1456310679611",
                "_PctRespBest_": "100.0",
                "_Gain_": "0.72992056487202",
                "_CumLift_": "1.72992056487202",
                "_Event_": "1",
                "_TargetName_": "target",
                "_PctResp_": "100.0",
                "_GainBest_": "0.74757281553398",
                "_CumLiftBest_": "1.74757281553398",
                "_Lift_": "1.74757281553398",
                "_CumPctResp_": "98.989898989899",
                "_NEventsBest_": "9.0",
                "_CumPctRespBest_": "100.0",
                "_Value_": "0.84680525227342",
                "_NEvents_": "9.0",
                "_LiftBest_": "1.74757281553398",
                "_PartInd_": "2",
                "_Resp_": "8.7378640776699"
            },
            "rowNumber": 33
        },
        {
            "dataMap": {
                "_NObs_": "9.0",
                "_Depth_": "60.0",
                "_CumRespBest_": "100.0",
                "_formattedPartition_": "           2",
                "_column_": "predict",
                "_RespBest_": "3.88349514563106",
                "_DataRole_": "TEST",
                "_CumResp_": "99.0291262135922",
                "_PctRespBest_": "44.4444444444444",
                "_Gain_": "0.6504854368932",
                "_CumLift_": "1.6504854368932",
                "_Event_": "1",
                "_TargetName_": "target",
                "_PctResp_": "44.4444444444444",
                "_GainBest_": "0.66666666666666",
                "_CumLiftBest_": "1.66666666666666",
                "_Lift_": "0.77669902912621",
                "_CumPctResp_": "94.4444444444444",
                "_NEventsBest_": "4.0",
                "_CumPctRespBest_": "95.3703703703703",
                "_Value_": "0.26106103435638",
                "_NEvents_": "4.0",
                "_LiftBest_": "0.77669902912621",
                "_PartInd_": "2",
                "_Resp_": "3.88349514563106"
            },
            "rowNumber": 34
        },
        {
            "dataMap": {
                "_NObs_": "9.0",
                "_Depth_": "65.0",
                "_CumRespBest_": "100.0",
                "_formattedPartition_": "           2",
                "_column_": "predict",
                "_RespBest_": "0.0",
                "_DataRole_": "TEST",
                "_CumResp_": "100.0",
                "_PctRespBest_": "0.0",
                "_Gain_": "0.53846153846153",
                "_CumLift_": "1.53846153846153",
                "_Event_": "1",
                "_TargetName_": "target",
                "_PctResp_": "11.1111111111111",
                "_GainBest_": "0.53846153846153",
                "_CumLiftBest_": "1.53846153846153",
                "_Lift_": "0.19417475728155",
                "_CumPctResp_": "88.034188034188",
                "_NEventsBest_": "0.0",
                "_CumPctRespBest_": "88.034188034188",
                "_Value_": "0.04506852042671",
                "_NEvents_": "1.0",
                "_LiftBest_": "0.0",
                "_PartInd_": "2",
                "_Resp_": "0.97087378640776"
            },
            "rowNumber": 35
        },
        {
            "dataMap": {
                "_NObs_": "9.0",
                "_Depth_": "70.0",
                "_CumRespBest_": "100.0",
                "_formattedPartition_": "           2",
                "_column_": "predict",
                "_RespBest_": "0.0",
                "_DataRole_": "TEST",
                "_CumResp_": "100.0",
                "_PctRespBest_": "0.0",
                "_Gain_": "0.42857142857142",
                "_CumLift_": "1.42857142857142",
                "_Event_": "1",
                "_TargetName_": "target",
                "_PctResp_": "0.0",
                "_GainBest_": "0.42857142857142",
                "_CumLiftBest_": "1.42857142857142",
                "_Lift_": "0.0",
                "_CumPctResp_": "81.7460317460317",
                "_NEventsBest_": "0.0",
                "_CumPctRespBest_": "81.7460317460317",
                "_Value_": "0.01350849781153",
                "_NEvents_": "0.0",
                "_LiftBest_": "0.0",
                "_PartInd_": "2",
                "_Resp_": "0.0"
            },
            "rowNumber": 36
        },
        {
            "dataMap": {
                "_NObs_": "9.0",
                "_Depth_": "75.0",
                "_CumRespBest_": "100.0",
                "_formattedPartition_": "           2",
                "_column_": "predict",
                "_RespBest_": "0.0",
                "_DataRole_": "TEST",
                "_CumResp_": "100.0",
                "_PctRespBest_": "0.0",
                "_Gain_": "0.33333333333333",
                "_CumLift_": "1.33333333333333",
                "_Event_": "1",
                "_TargetName_": "target",
                "_PctResp_": "0.0",
                "_GainBest_": "0.33333333333333",
                "_CumLiftBest_": "1.33333333333333",
                "_Lift_": "0.0",
                "_CumPctResp_": "76.2962962962963",
                "_NEventsBest_": "0.0",
                "_CumPctRespBest_": "76.2962962962963",
                "_Value_": "0.00143538796309",
                "_NEvents_": "0.0",
                "_LiftBest_": "0.0",
                "_PartInd_": "2",
                "_Resp_": "0.0"
            },
            "rowNumber": 37
        },
        {
            "dataMap": {
                "_NObs_": "9.0",
                "_Depth_": "80.0",
                "_CumRespBest_": "100.0",
                "_formattedPartition_": "           2",
                "_column_": "predict",
                "_RespBest_": "0.0",
                "_DataRole_": "TEST",
                "_CumResp_": "100.0",
                "_PctRespBest_": "0.0",
                "_Gain_": "0.25",
                "_CumLift_": "1.25",
                "_Event_": "1",
                "_TargetName_": "target",
                "_PctResp_": "0.0",
                "_GainBest_": "0.25",
                "_CumLiftBest_": "1.25",
                "_Lift_": "0.0",
                "_CumPctResp_": "71.5277777777777",
                "_NEventsBest_": "0.0",
                "_CumPctRespBest_": "71.5277777777777",
                "_Value_": "9.285501402e-05",
                "_NEvents_": "0.0",
                "_LiftBest_": "0.0",
                "_PartInd_": "2",
                "_Resp_": "0.0"
            },
            "rowNumber": 38
        },
        {
            "dataMap": {
                "_NObs_": "9.0",
                "_Depth_": "85.0",
                "_CumRespBest_": "100.0",
                "_formattedPartition_": "           2",
                "_column_": "predict",
                "_RespBest_": "0.0",
                "_DataRole_": "TEST",
                "_CumResp_": "100.0",
                "_PctRespBest_": "0.0",
                "_Gain_": "0.17647058823529",
                "_CumLift_": "1.17647058823529",
                "_Event_": "1",
                "_TargetName_": "target",
                "_PctResp_": "0.0",
                "_GainBest_": "0.17647058823529",
                "_CumLiftBest_": "1.17647058823529",
                "_Lift_": "0.0",
                "_CumPctResp_": "67.3202614379085",
                "_NEventsBest_": "0.0",
                "_CumPctRespBest_": "67.3202614379085",
                "_Value_": "1.2007813927015e-07",
                "_NEvents_": "0.0",
                "_LiftBest_": "0.0",
                "_PartInd_": "2",
                "_Resp_": "0.0"
            },
            "rowNumber": 39
        },
        {
            "dataMap": {
                "_NObs_": "9.0",
                "_Depth_": "90.0",
                "_CumRespBest_": "100.0",
                "_formattedPartition_": "           2",
                "_column_": "predict",
                "_RespBest_": "0.0",
                "_DataRole_": "TEST",
                "_CumResp_": "100.0",
                "_PctRespBest_": "0.0",
                "_Gain_": "0.11111111111111",
                "_CumLift_": "1.11111111111111",
                "_Event_": "1",
                "_TargetName_": "target",
                "_PctResp_": "0.0",
                "_GainBest_": "0.11111111111111",
                "_CumLiftBest_": "1.11111111111111",
                "_Lift_": "0.0",
                "_CumPctResp_": "63.5802469135802",
                "_NEventsBest_": "0.0",
                "_CumPctRespBest_": "63.5802469135802",
                "_Value_": "1.5351214967743e-11",
                "_NEvents_": "0.0",
                "_LiftBest_": "0.0",
                "_PartInd_": "2",
                "_Resp_": "0.0"
            },
            "rowNumber": 40
        },
        {
            "dataMap": {
                "_NObs_": "9.0",
                "_Depth_": "95.0",
                "_CumRespBest_": "100.0",
                "_formattedPartition_": "           2",
                "_column_": "predict",
                "_RespBest_": "0.0",
                "_DataRole_": "TEST",
                "_CumResp_": "100.0",
                "_PctRespBest_": "0.0",
                "_Gain_": "0.05263157894736",
                "_CumLift_": "1.05263157894736",
                "_Event_": "1",
                "_TargetName_": "target",
                "_PctResp_": "0.0",
                "_GainBest_": "0.05263157894736",
                "_CumLiftBest_": "1.05263157894736",
                "_Lift_": "0.0",
                "_CumPctResp_": "60.2339181286549",
                "_NEventsBest_": "0.0",
                "_CumPctRespBest_": "60.2339181286549",
                "_Value_": "1.6717428893986e-26",
                "_NEvents_": "0.0",
                "_LiftBest_": "0.0",
                "_PartInd_": "2",
                "_Resp_": "0.0"
            },
            "rowNumber": 41
        },
        {
            "dataMap": {
                "_NObs_": "0.0",
                "_Depth_": "100.0",
                "_CumRespBest_": "100.0",
                "_formattedPartition_": "           2",
                "_column_": "predict",
                "_RespBest_": "0.0",
                "_DataRole_": "TEST",
                "_CumResp_": "100.0",
                "_PctRespBest_": "0.0",
                "_Gain_": "0.0",
                "_CumLift_": "1.0",
                "_Event_": "1",
                "_TargetName_": "target",
                "_PctResp_": "0.0",
                "_GainBest_": "0.0",
                "_CumLiftBest_": "1.0",
                "_Lift_": "0.0",
                "_CumPctResp_": "60.2339181286549",
                "_NEventsBest_": "0.0",
                "_CumPctRespBest_": "60.2339181286549",
                "_Value_": "1.6717428893986e-26",
                "_NEvents_": "0.0",
                "_LiftBest_": "0.0",
                "_PartInd_": "2",
                "_Resp_": "0.0"
            },
            "rowNumber": 42
        }
    ],
    "version": 1,
    "xInteger": false,
    "yInteger": false
}