[
    {
        "name": "mean_radius",
        "length": 8,
        "type": "decimal",
        "level": "interval"
    },
    {
        "name": "mean_texture",
        "length": 8,
        "type": "decimal",
        "level": "interval"
    },
    {
        "name": "mean_perimeter",
        "length": 8,
        "type": "decimal",
        "level": "interval"
    },
    {
        "name": "mean_area",
        "length": 8,
        "type": "decimal",
        "level": "interval"
    },
    {
        "name": "mean_smoothness",
        "length": 8,
        "type": "decimal",
        "level": "interval"
    },
    {
        "name": "mean_compactness",
        "length": 8,
        "type": "decimal",
        "level": "interval"
    },
    {
        "name": "mean_concavity",
        "length": 8,
        "type": "decimal",
        "level": "interval"
    },
    {
        "name": "mean_concave_points",
        "length": 8,
        "type": "decimal",
        "level": "interval"
    },
    {
        "name": "mean_symmetry",
        "length": 8,
        "type": "decimal",
        "level": "interval"
    },
    {
        "name": "mean_fractal_dimension",
        "length": 8,
        "type": "decimal",
        "level": "interval"
    },
    {
        "name": "radius_error",
        "length": 8,
        "type": "decimal",
        "level": "interval"
    },
    {
        "name": "texture_error",
        "length": 8,
        "type": "decimal",
        "level": "interval"
    },
    {
        "name": "perimeter_error",
        "length": 8,
        "type": "decimal",
        "level": "interval"
    },
    {
        "name": "area_error",
        "length": 8,
        "type": "decimal",
        "level": "interval"
    },
    {
        "name": "smoothness_error",
        "length": 8,
        "type": "decimal",
        "level": "interval"
    },
    {
        "name": "compactness_error",
        "length": 8,
        "type": "decimal",
        "level": "interval"
    },
    {
        "name": "concavity_error",
        "length": 8,
        "type": "decimal",
        "level": "interval"
    },
    {
        "name": "concave_points_error",
        "length": 8,
        "type": "decimal",
        "level": "interval"
    },
    {
        "name": "symmetry_error",
        "length": 8,
        "type": "decimal",
        "level": "interval"
    },
    {
        "name": "fractal_dimension_error",
        "length": 8,
        "type": "decimal",
        "level": "interval"
    },
    {
        "name": "worst_radius",
        "length": 8,
        "type": "decimal",
        "level": "interval"
    },
    {
        "name": "worst_texture",
        "length": 8,
        "type": "decimal",
        "level": "interval"
    },
    {
        "name": "worst_perimeter",
        "length": 8,
        "type": "decimal",
        "level": "interval"
    },
    {
        "name": "worst_area",
        "length": 8,
        "type": "decimal",
        "level": "interval"
    },
    {
        "name": "worst_smoothness",
        "length": 8,
        "type": "decimal",
        "level": "interval"
    },
    {
        "name": "worst_compactness",
        "length": 8,
        "type": "decimal",
        "level": "interval"
    },
    {
        "name": "worst_concavity",
        "length": 8,
        "type": "decimal",
        "level": "interval"
    },
    {
        "name": "worst_concave_points",
        "length": 8,
        "type": "decimal",
        "level": "interval"
    },
    {
        "name": "worst_symmetry",
        "length": 8,
        "type": "decimal",
        "level": "interval"
    },
    {
        "name": "worst_fractal_dimension",
        "length": 8,
        "type": "decimal",
        "level": "interval"
    }
]